e,country,city,line,start_year,end_year,rr,length,tunnel_per,stations,cost,currency,year,ppp_rate,real_cost,cost_km_millions,continent
7136.0,CA,Vancouver,Broadway,2020.0,2025.0,0.0,5.7,87.72,6.0,2830.0,CAD,2018.0,0.84,2377.2,417.0526316,North America
7137.0,CA,Toronto,Vaughan,2009.0,2017.0,0.0,8.6,100.0,6.0,3200.0,CAD,2013.0,0.81,2592.0,301.3953488,North America
7138.0,CA,Toronto,Scarborough,2020.0,2030.0,0.0,7.8,100.0,3.0,5500.0,CAD,2018.0,0.84,4620.0,592.3076923,North America
7139.0,CA,Toronto,Ontario,2020.0,2030.0,0.0,15.5,57.0,15.0,8573.0,CAD,2019.0,0.84,7201.32,464.6012903,North America
7144.0,CA,Toronto,Yonge to Richmond Hill,2020.0,2030.0,0.0,7.4,100.0,6.0,5600.0,CAD,2020.0,0.84,4704.0,635.6756757,North America
7145.0,NL,Amsterdam,North-South,2003.0,2018.0,0.0,9.7,73.0,8.0,3100.0,EUR,2009.0,1.3,4030.0,415.4639175,Europe
7146.0,CA,Montreal,Blue Line extension,2020.0,2026.0,0.0,5.8,100.0,5.0,4500.0,CAD,2018.0,0.84,3780.0,651.7241379,North America
7147.0,US,Seattle,U-Link,2009.0,2016.0,0.0,5.1,100.0,2.0,1756.0,USD,2012.0,1.0,1756.0,344.3137255,North America
7152.0,US,Los Angeles,Purple Phase 3,2020.0,2027.0,0.0,4.2,100.0,2.0,3600.0,USD,2023.0,1.0,3600.0,857.1428571,North America
7153.0,US,Los Angeles,Purple Phase 2,2018.0,2026.0,0.0,4.2,100.0,2.0,2400.0,USD,2021.0,1.0,2400.0,571.4285714,North America
7154.0,US,Los Angeles,Purple Phase 1,2014.0,2023.0,0.0,6.3,100.0,3.0,2800.0,USD,2018.0,1.0,2800.0,444.4444444,North America
7155.0,US,Los Angeles,Regional Connector,2014.0,2022.0,0.0,3.1,100.0,3.0,1756.0,USD,2018.0,1.0,1756.0,566.4516129,North America
7160.0,US,San Francisco,Central Subway,2010.0,2021.0,0.0,2.7,100.0,4.0,1670.0,USD,2014.0,1.0,1670.0,618.5185185,North America
7161.0,US,Boston,Green Line Extension,2012.0,2021.0,0.0,7.6,0.0,7.0,2289.0,USD,2020.0,1.0,2289.0,301.1842105,North America
7162.0,CA,Ottawa,Confederation,2013.0,2019.0,0.0,12.5,20.0,13.0,2100.0,CAD,2016.0,0.83,1743.0,139.44,North America
7163.0,US,San Jose,BART,2022.0,2030.0,0.0,9.6,83.0,4.0,6900.0,USD,2026.0,1.0,6900.0,718.75,North America
7168.0,BG,Sofia,Line 1 northern,2009.0,2012.0,0.0,5.1,60.0,4.0,407.0,BGN,2010.0,1.69,687.83,134.8686275,Europe
7169.0,BG,Sofia,Line 1 southern,2013.0,2015.0,0.0,3.0,100.0,3.0,44.0,EUR,2014.0,3.32,146.08,48.69333333,Europe
7170.0,BG,Sofia,Line 2,2008.0,2012.0,0.0,17.0,90.0,11.0,952.0,EUR,2010.0,3.32,3160.64,185.92,Europe
7171.0,BG,Sofia,Line 2 extension,2012.0,2016.0,0.0,1.3,100.0,1.0,21.0,EUR,2014.0,3.32,69.72,53.63076923,Europe
7176.0,BG,Sofia,Line 3,2016.0,2021.0,0.0,12.0,100.0,12.0,500.0,EUR,2018.0,3.32,1660.0,138.3333333,Europe
7177.0,BG,Sofia,Line 3 extension (Third Stage),2021.0,2020.0,0.0,3.1,100.0,4.0,113.0,EUR,2021.0,3.32,373.5,120.483871,Europe
7178.0,PL,Warsaw,Line 2,2010.0,2015.0,0.0,6.5,100.0,7.0,5900.0,PLN,2012.0,0.557,3286.3,505.5846154,Europe
7179.0,PL,Warsaw,Line 2 extension to Trocka,2015.0,2019.0,0.0,3.1,100.0,3.0,1070.0,PLN,2017.0,0.576,616.32,198.8129032,Europe
7184.0,PL,Warsaw,Line 2 extenision to KJ,2015.0,2020.0,0.0,3.4,100.0,3.0,1148.0,PLN,2017.0,0.576,661.248,194.4847059,Europe
7185.0,PL,Warsaw,Line 2 extension to Bródno,2018.0,2022.0,0.0,4.0,100.0,3.0,1400.0,PLN,2020.0,0.571,799.4,199.85,Europe
7186.0,RO,Bucharest,Line 5,2014.0,2019.0,0.0,6.9,100.0,10.0,3122.0,RON,2016.0,0.596,1860.712,269.6684058,Europe
7187.0,RU,Moscow,Line 11,2017.0,2023.0,0.0,66.7,100.0,31.0,501000.0,RUB,2018.0,0.04,20040.0,300.4497751,Europe
7193.0,RU,Nizhniy Novgorod,Line 2 extension,2015.0,2018.0,0.0,2.5,100.0,1.0,11000.0,RUB,2016.0,0.041,451.0,180.4,Europe
7194.0,RU,Saint Petersburg,Line 3 extension,2014.0,2018.0,0.0,5.0,100.0,2.0,37000.0,RUB,2016.0,0.041,1517.0,303.4,Europe
7195.0,RU,Saint Petersburg,Line 5 extension,2013.0,2019.0,0.0,6.4,97.0,3.0,44600.0,RUB,2016.0,0.041,1828.6,285.71875,Europe
7200.0,RU,Moscow,Line 1 extension,2016.0,2019.0,0.0,11.6,14.0,3.0,41033.0,RUB,2018.0,0.04,1641.31476,141.4926517,Europe
7201.0,CZ,Prague,Line A extension,2010.0,2015.0,0.0,6.1,100.0,4.0,20200.0,CZK,2012.0,0.0752,1519.04,249.0229508,Europe
7202.0,HU,Budapest,Line 4,2006.0,2014.0,0.0,7.4,100.0,10.0,452000.0,HUF,2010.0,0.00792,3579.84,483.7621622,Europe
7203.0,FR,Toulouse,Line 3,2021.0,2025.0,0.0,27.0,60.0,21.0,2670.0,EUR,2016.0,1.3,3471.0,128.5555556,Europe
7208.0,IT,Turin,Line 1 phases 1-3,2000.0,2011.0,0.0,13.2,100.0,21.0,1046.0,EUR,2005.0,1.25,1307.625,99.0625,Europe
7209.0,IT,Turin,Line 1 south (phase 4),2012.0,2021.0,0.0,1.9,100.0,2.0,194.0,EUR,2016.0,1.3,251.55,132.3947368,Europe
7210.0,IT,Turin,Line 1 west (phase 5),2018.0,2024.0,0.0,3.4,100.0,4.0,304.0,EUR,2020.0,1.3,395.59,116.35,Europe
7211.0,FI,Helsinki,West Metro,2009.0,2017.0,0.0,13.5,100.0,8.0,1186.0,EUR,2013.0,1.3,1541.8,114.2074074,Europe
7216.0,FI,Helsinki,Ring Rail Line,2009.0,2015.0,1.0,18.0,44.0,5.0,774.0,EUR,2012.0,1.3,1005.94,55.88555556,Europe
7217.0,SE,Stockholm,Arenastaden,2020.0,2030.0,0.0,4.1,100.0,2.0,4700.0,SEK,2025.0,0.115,540.5,131.8292683,Europe
7218.0,SE,Stockholm,Nacka/Söderort,2020.0,2030.0,0.0,11.5,100.0,6.0,14400.0,SEK,2025.0,0.115,1656.0,144.0,Europe
7219.0,SE,Stockholm,Barkarby,2020.0,2026.0,0.0,3.3,100.0,2.0,3300.0,SEK,2023.0,0.115,379.5,115.0,Europe
7224.0,SE,Stockholm,Citybanan,2007.0,2017.0,1.0,7.4,81.0,2.0,16800.0,SEK,2007.0,0.1125,1890.0,255.4054054,Europe
7225.0,SE,Malmo,Citytunneln,2005.0,2010.0,1.0,17.0,35.0,3.0,8450.0,SEK,2001.0,0.106,895.7,52.68823529,Europe
7226.0,UK,London,Northern Line Extension,2015.0,2021.0,0.0,3.2,100.0,2.0,1200.0,GBP,2017.0,1.47,1764.0,551.25,Europe
7227.0,MX,Mexico City,Line 12,2008.0,2012.0,0.0,24.5,43.0,20.0,47906.0,MXN,2010.0,0.13,6227.78,254.195102,North America
7232.0,TW,Taipei,Wanda Line Phase 2,2021.0,2028.0,0.0,13.3,21.05,13.0,55530.0,TWD,2018.0,0.068,3776.04,283.912782,Asia
7233.0,IT,Milan,Line 5 phase 1,2007.0,2013.0,0.0,6.1,100.0,9.0,557.0,EUR,2010.0,1.3,724.1,118.704918,Europe
7234.0,IT,Milan,Line 5 phase 2,2010.0,2015.0,0.0,6.5,100.0,10.0,796.0,EUR,2012.0,1.3,1034.8,159.2,Europe
7235.0,IT,Milan,Line 4,2015.0,2023.0,0.0,15.2,100.0,21.0,1697.0,EUR,2019.0,1.3,2205.71,145.1125,Europe
7240.0,FR,Paris,GPX,2017.0,2030.0,0.0,200.0,80.0,68.0,35080.0,EUR,2012.0,1.3,45604.0,228.02,Europe
7241.0,IT,Milan,Passante Railway,1984.0,2008.0,1.0,13.0,60.0,10.0,915.0,EUR,1996.0,1.3,1189.5,91.5,Europe
7242.0,VN,Hanoi,Line 3,2010.0,2013.0,0.0,12.5,32.0,12.0,36000000.0,VND,2016.0,0.000126,4536.0,362.88,Asia
7243.0,VN,Hanoi,Line 2,2011.0,2020.0,0.0,11.5,74.0,12.0,19555000.0,VND,2015.0,0.000126,2463.93,214.2547826,Asia
7248.0,KR,Seoul,Sinbundang,2005.0,2011.0,0.0,17.3,100.0,6.0,1169000.0,KRW,2002.0,0.0013,1519.7,87.84393064,Asia
7249.0,KR,Seoul,Sinbundang phase 2,2011.0,2018.0,0.0,12.8,100.0,7.0,1025500.0,KRW,2006.0,0.0013,1333.15,104.1523438,Asia
7250.0,MX,Guadalajara,Line 3,2014.0,2020.0,0.0,21.5,25.0,18.0,31500.0,MXN,2017.0,0.106,3339.0,155.3023256,North America
7251.0,DE,Leipzig,City Tunnel,2003.0,2013.0,1.0,3.6,100.0,4.0,960.0,EUR,2008.0,1.3,1248.0,346.6666667,Europe
7256.0,IT,Rome,Line B1 extension,2010.0,2015.0,0.0,3.9,100.0,3.0,527.0,EUR,2012.0,1.3,685.49,175.7666667,Europe
7257.0,IT,Rome,Line C - section T6a,2007.0,2013.0,0.0,2.8,100.0,4.0,399.0,EUR,2010.0,1.3,518.7,185.25,Europe
7258.0,IT,Rome,Line C - section T4-5,2007.0,2013.0,0.0,7.3,100.0,9.0,1090.0,EUR,2010.0,1.3,1417.0,194.109589,Europe
7259.0,IT,Rome,Line C - section T3,2013.0,2023.0,0.0,2.8,100.0,2.0,735.0,EUR,2018.0,1.3,955.5,341.25,Europe
7264.0,DE,Berlin,U55,2004.0,2009.0,0.0,1.8,100.0,3.0,320.0,EUR,2006.0,1.3,416.0,231.1111111,Europe
7265.0,DE,Berlin,U5-U55 connection,2010.0,2020.0,0.0,2.2,100.0,3.0,525.0,EUR,2015.0,1.3,682.5,310.2272727,Europe
7266.0,BE,Brussels,Line 3,2020.0,2028.0,0.0,4.4,100.0,7.0,900.0,EUR,2024.0,1.3,1170.0,265.9090909,Europe
7267.0,DK,Copenhagen,City Circle Line,2009.0,2019.0,0.0,15.5,100.0,17.0,25300.0,DKK,2014.0,0.138,3491.4,225.2516129,Europe
7272.0,NO,Oslo,Løren Line,2013.0,2016.0,0.0,1.6,100.0,1.0,1330.0,NOK,2014.0,0.107,142.31,88.94375,Europe
7273.0,NO,Oslo,Fornebu Line,2020.0,2027.0,0.0,8.2,100.0,6.0,16000.0,NOK,2020.0,0.1,1600.0,195.1219512,Europe
7274.0,AU,Sydney,Metro City & SW,2017.0,2024.0,0.0,30.0,51.0,7.0,15500.0,AUD,2021.0,0.69,10695.0,356.5,Australia
7275.0,AU,Sydney,Metro NW,2013.0,2019.0,0.0,36.0,42.0,13.0,7800.0,AUD,2016.0,0.69,5382.0,149.5,Australia
7280.0,AU,Melbourne,Metro Tunnel,2018.0,2025.0,0.0,9.0,100.0,5.0,11000.0,AUD,2021.0,0.69,7590.0,843.3333333,Australia
7281.0,SG,Singapore,Downtown MRT Line,2008.0,2017.0,0.0,41.9,100.0,34.0,21000.0,SGD,2012.0,1.18,24780.0,591.4081146,Asia
7282.0,SG,Singapore,Thomson MRT Line,2014.0,2024.0,0.0,43.0,100.0,32.0,25000.0,SGD,2019.0,1.13,28250.0,656.9767442,Asia
7283.0,CA,Toronto,Eglinton Crosstown,2011.0,2022.0,0.0,19.0,53.0,25.0,5300.0,CAD,2016.0,0.83,4399.0,231.5263158,North America
7288.0,IN,Mumbai,Monorail,2009.0,2019.0,0.0,20.2,0.0,17.0,30000.0,INR,2014.0,0.054,1620.0,80.1980198,Asia
7289.0,IN,Mumbai,Line 3,2016.0,2022.0,0.0,33.5,100.0,27.0,320000.0,INR,2019.0,0.047,15040.0,448.9552239,Asia
7290.0,IN,Mumbai,Line 2A,2016.0,2021.0,0.0,18.6,0.0,17.0,64100.0,INR,2018.0,0.048,3076.8,165.4193548,Asia
7291.0,IN,Mumbai,Line 2B,2018.0,2023.0,0.0,23.5,0.0,22.0,109860.0,INR,2020.0,0.047,5163.42,219.72,Asia
7296.0,IN,Mumbai,Line 4,2018.0,2022.0,0.0,32.3,0.0,32.0,145490.0,INR,2020.0,0.047,6838.03,211.7037152,Asia
7297.0,IN,Mumbai,Line 4A,2019.0,2022.0,0.0,2.7,0.0,2.0,7860.0,INR,2017.0,0.048,377.28,139.7333333,Asia
7298.0,IN,Mumbai,Line 5,2017.0,2024.0,0.0,24.9,0.0,16.0,84165.0,INR,2020.0,0.047,3955.755,158.8656627,Asia
7299.0,IN,Mumbai,Line 6,2017.0,2022.0,0.0,14.5,0.0,13.0,55670.0,INR,2016.0,0.05,2783.5,191.9655172,Asia
7304.0,IN,Mumbai,Line 7,2016.0,2021.0,0.0,16.5,0.0,16.0,62080.0,INR,2018.0,0.048,2979.84,180.5963636,Asia
7305.0,IN,Mumbai,Line 7A + 9,2019.0,2022.0,0.0,13.5,16.0,11.0,65180.0,INR,2020.0,0.047,3063.46,226.922963,Asia
7306.0,IN,Mumbai,Line 10,2020.0,2024.0,0.0,9.2,8.0,4.0,38210.0,INR,2018.0,0.048,1834.08,199.3565217,Asia
7307.0,IN,Mumbai,Line 11,2020.0,2026.0,0.0,12.8,69.0,10.0,70850.0,INR,2018.0,0.048,3400.8,265.6875,Asia
7312.0,IN,Mumbai,Line 12,2020.0,2026.0,0.0,20.8,0.0,17.0,47380.0,INR,2018.0,0.048,2274.24,109.3384615,Asia
7313.0,GR,Athens,Line 4,2019.0,2027.0,0.0,12.8,100.0,15.0,1328.0,EUR,2023.0,1.3,1726.4,134.875,Europe
7314.0,GR,Athens,Line 3 to Piraeus,2012.0,2021.0,0.0,7.6,100.0,6.0,742.0,EUR,2016.0,1.3,964.6,126.9210526,Europe
7315.0,GR,Thessaloniki,Main line,2006.0,2020.0,0.0,9.5,100.0,13.0,1112.0,EUR,2014.0,1.3,1445.6,152.1684211,Europe
7320.0,GR,Thessaloniki,Kalamaria Extension,2013.0,2021.0,0.0,4.8,100.0,5.0,567.0,EUR,2017.0,1.3,737.1,153.5625,Europe
7321.0,KR,Busan,Line 1 extension,2009.0,2017.0,0.0,8.0,100.0,6.0,959000.0,KRW,2013.0,0.00115,1102.85,137.85625,Asia
7322.0,KR,Seoul,Gimpo Urban Railway,2014.0,2019.0,0.0,23.7,100.0,10.0,1655300.0,KRW,2016.0,0.00116,1920.148,81.01890295,Asia
7323.0,KR,Seoul,Line 7 extension,2014.0,2021.0,0.0,3.9,100.0,2.0,432100.0,KRW,2017.0,0.0011,475.31,121.874359,Asia
7328.0,KR,Seoul,2020s program,2020.0,2028.0,0.0,71.0,100.0,53.0,7230200.0,KRW,2024.0,0.0011,7953.22,112.0171831,Asia
7329.0,SG,Singapore,Circle Line Stage 6,2017.0,2025.0,0.0,4.0,100.0,3.0,4850.0,SGD,2021.0,1.13,5480.5,1370.125,Asia
7330.0,FR,Paris,Line 12 to Aubervilliers,2012.0,2021.0,0.0,1.7,100.0,2.0,175.0,EUR,2006.0,1.25,218.875,128.75,Europe
7331.0,FR,Paris,Line 1 extension,2020.0,2030.0,0.0,4.9,100.0,3.0,910.0,EUR,2012.0,1.3,1183.0,241.4285714,Europe
7336.0,UK,London,Jubilee line extension,1993.0,1999.0,0.0,16.0,80.0,11.0,3500.0,GBP,1996.0,1.4,4900.0,306.25,Europe
7337.0,CL,Santiago,Line 7,2021.0,2026.0,0.0,24.8,100.0,21.0,2900.0,USD,2022.0,1.7,4930.0,198.7903226,South America
7338.0,CL,Santiago,Project 63,2013.0,2019.0,0.0,37.0,100.0,28.0,3000.0,USD,2016.0,1.7,5100.0,137.8378378,South America
7339.0,BR,Sao Paulo,Line 5 extension,2010.0,2019.0,0.0,12.0,100.0,11.0,6900.0,BRL,2014.0,0.55,3795.0,316.25,South America
7344.0,BR,Salvador,Lines 1-2,2000.0,2017.0,0.0,33.0,4.0,20.0,4800.0,BRL,2012.0,0.62,2976.0,90.18181818,South America
7345.0,PA,Panama City,Line 1,2010.0,2014.0,0.0,13.7,53.0,12.0,2009.0,USD,2012.0,1.74,3495.66,255.1576642,North America
7346.0,PA,Panama City,Line 2,2015.0,2019.0,0.0,21.0,0.0,16.0,2130.0,USD,2017.0,2.01,4281.3,203.8714286,North America
7347.0,PA,Panama City,Line 3,2020.0,2024.0,0.0,26.7,0.0,14.0,2507.0,USD,2020.0,2.08,5214.56,195.3018727,North America
7352.0,PH,Manila,Line 9,2019.0,2025.0,0.0,28.3,100.0,13.0,356960.0,PHP,2022.0,0.055,19632.8,693.7385159,Asia
7353.0,PH,Manila,Line 7,2015.0,2021.0,0.0,22.8,15.0,14.0,69300.0,PHP,2018.0,0.055,3811.5,167.1710526,Asia
7354.0,PH,Manila,Line 5,2019.0,2025.0,0.0,11.0,100.0,10.0,2500.0,USD,2022.0,2.66,6650.0,604.5454545,Asia
7355.0,PH,Manila,Line 4,2021.0,2025.0,0.0,15.6,0.0,11.0,59300.0,PHP,2023.0,0.055,3261.5,209.0705128,Asia
7360.0,AT,Vienna,Line 2 extension,2010.0,2013.0,0.0,4.2,0.0,3.0,320.0,EUR,2012.0,1.3,416.0,99.04761905,Europe
7361.0,AT,Vienna,Line 1 extension,2012.0,2017.0,0.0,4.7,57.0,5.0,600.0,EUR,2015.0,1.3,780.0,165.9574468,Europe
7362.0,AT,Vienna,U2/U5 cross,2019.0,2029.0,0.0,9.0,100.0,11.0,2200.0,EUR,2023.0,1.3,2860.0,317.7777778,Europe
7363.0,IN,Kochi,Metro,2013.0,2017.0,0.0,13.0,0.0,11.0,51810.0,INR,2015.0,0.052,2694.12,207.24,Asia
7368.0,IN,Delhi,Phase 3,2012.0,2020.0,0.0,160.6,33.0,109.0,410790.0,INR,2016.0,0.05,20539.5,127.892279,Asia
7369.0,IN,Delhi,Phase 4 first half,2019.0,2025.0,0.0,61.7,36.0,46.0,249487.0,INR,2022.0,0.047,11725.8655,190.0464425,Asia
7370.0,IN,Delhi,Phase 4 second half,2019.0,2025.0,0.0,42.3,35.0,43.0,215364.0,INR,2022.0,0.047,10122.0845,239.2927778,Asia
7371.0,IR,Tehran,Line 3 extension to SW,2012.0,2014.0,0.0,12.0,100.0,11.0,20000000.0,IRR,2013.0,0.00012,2400.0,200.0,Asia
7376.0,IR,Tehran,Line 6,2015.0,2020.0,0.0,31.0,100.0,29.0,90000000.0,IRR,2017.0,6.4e-05,5760.0,185.8064516,Asia
7377.0,IR,Tehran,Line 7,2015.0,2019.0,0.0,27.0,100.0,25.0,90000000.0,IRR,2017.0,6.4e-05,5760.0,213.3333333,Asia
7378.0,ES,Madrid,1995-98 program,1995.0,1998.0,0.0,56.0,68.0,37.0,1579.0,EUR,1997.0,1.25,1973.75,35.24553571,Europe
7379.0,ES,Madrid,1999-2003 program,1999.0,2003.0,0.0,75.0,77.0,39.0,3157.0,EUR,2001.0,1.25,3946.25,52.61666667,Europe
7384.0,PT,Lisbon,Circular line,2021.0,2023.0,0.0,2.0,100.0,2.0,216.0,EUR,2021.0,1.3,280.8,140.4,Europe
7385.0,PT,Porto,"Pink line, yellow line",2019.0,2023.0,0.0,6.0,47.0,7.0,308.0,EUR,2021.0,1.3,400.4,66.73333333,Europe
7386.0,ES,Madrid,Eje Transversal,2020.0,2028.0,1.0,10.5,100.0,4.0,760.0,EUR,2024.0,1.3,988.0,94.0952381,Europe
7387.0,ES,Madrid,Line 2 extension,2008.0,2011.0,0.0,4.6,100.0,4.0,315.0,EUR,2010.0,1.3,409.5,89.02173913,Europe
7392.0,ES,Madrid,Line 9 extension,2009.0,2015.0,0.0,3.0,100.0,2.0,191.0,EUR,2012.0,1.3,248.3,82.76666667,Europe
7393.0,EC,Quito,Metro,2012.0,2019.0,0.0,22.9,100.0,15.0,2010.0,USD,2016.0,1.9,3819.0,166.768559,South America
7394.0,ES,Madrid,Chamartin-Atocha tunnel,2003.0,2008.0,1.0,7.5,100.0,3.0,550.0,EUR,2006.0,1.25,687.5,91.66666667,Europe
7395.0,FR,Paris,Line 14,1993.0,2007.0,0.0,9.2,100.0,9.0,1211.0,EUR,2004.0,1.25,1514.0,164.5652174,Europe
7400.0,CA,Toronto,Sheppard,1994.0,2002.0,0.0,5.5,100.0,5.0,1000.0,CAD,1998.0,0.81,810.0,147.2727273,North America
7401.0,CA,Montreal,Laval extension,2001.0,2007.0,0.0,5.2,100.0,3.0,745.0,CAD,2004.0,0.81,603.45,116.0480769,North America
7402.0,DE,Karlsruhe,Kombilösung,2010.0,2021.0,1.0,4.8,100.0,6.0,1457.0,EUR,2016.0,1.3,1894.49,394.6854167,Europe
7403.0,DE,Dusseldorf,Wehrhahn Line,2007.0,2016.0,0.0,3.4,100.0,6.0,929.0,EUR,2012.0,1.3,1207.7,355.2058824,Europe
7408.0,US,New York,7 extension,2007.0,2014.0,0.0,1.6,100.0,1.0,2400.0,USD,2011.0,1.0,2400.0,1500.0,North America
7409.0,US,New York,Second Avenue Phase 1,2007.0,2016.0,0.0,2.7,100.0,3.0,4450.0,USD,2012.0,1.0,4450.0,1648.148148,North America
7410.0,US,New York,Second Avenue Phase 2,2019.0,2029.0,0.0,2.6,100.0,3.0,6390.0,USD,2024.0,1.0,6390.0,2457.692308,North America
7411.0,US,New York,East Side Access,2007.0,2022.0,1.0,2.8,100.0,1.0,11000.0,USD,2015.0,1.0,11000.0,3928.571429,North America
7416.0,US,New York,Gateway,2019.0,2026.0,1.0,5.3,100.0,0.0,9500.0,USD,2023.0,1.0,9500.0,1792.45283,North America
7417.0,UK,London,Crossrail,2009.0,2021.0,1.0,21.0,100.0,8.0,13328.0,GBP,2015.0,1.4,18659.2,888.5333333,Europe
7418.0,FR,Paris,Line 4 to Bagneux,2014.0,2021.0,0.0,1.8,100.0,2.0,380.0,EUR,2011.0,1.3,494.0,274.4444444,Europe
7419.0,FR,Paris,RER E extension,2018.0,2022.0,1.0,8.0,100.0,2.0,1800.0,EUR,2012.0,1.3,2340.0,292.5,Europe
7424.0,FR,Paris,Line 4 to Montrouge,2008.0,2013.0,0.0,1.5,100.0,1.0,185.0,EUR,2010.0,1.3,240.89,160.5933333,Europe
7425.0,FR,Paris,Line 8 to Pointe-du-Lac,2007.0,2011.0,0.0,1.3,0.0,1.0,83.0,EUR,2005.0,1.25,103.75,79.80769231,Europe
7426.0,FR,Paris,Line 13 to Courtilles,2005.0,2008.0,0.0,1.9,100.0,2.0,158.0,EUR,2006.0,1.25,197.5,103.9473684,Europe
7427.0,FR,Paris,Line 12 to Front Populaire,2007.0,2012.0,0.0,1.5,100.0,1.0,295.0,EUR,2009.0,1.3,383.5,255.6666667,Europe
7432.0,FR,Paris,Line 11,2016.0,2023.0,0.0,5.4,90.0,6.0,1084.0,EUR,2014.0,1.3,1409.2,260.962963,Europe
7433.0,IL,Tel Aviv,Red Line,2015.0,2022.0,0.0,24.0,50.0,34.0,17600.0,NIS,2018.0,0.268,4716.8,196.5333333,Asia
7434.0,IL,Tel Aviv,Green Line,2018.0,2024.0,0.0,38.6,12.0,62.0,20000.0,NIS,2020.0,0.268,5360.0,138.8601036,Asia
7435.0,NZ,Auckland,City Rail Link,2013.0,2024.0,1.0,3.5,100.0,4.0,4419.0,NZD,2018.0,0.677,2991.663,854.7608571,Australia
7440.0,DE,Hamburg,U4 to HafenCity U,2007.0,2012.0,0.0,3.9,100.0,2.0,326.0,EUR,2009.0,1.3,424.19,108.7666667,Europe
7441.0,DE,Hamburg,U4 to Elbbrücken,2014.0,2018.0,0.0,1.3,100.0,1.0,178.0,EUR,2016.0,1.3,231.4,178.0,Europe
7442.0,DE,Hamburg,U4 to Dannerallee,2020.0,2020.0,0.0,2.6,100.0,3.0,511.0,EUR,2019.0,1.3,664.3,255.5,Europe
7443.0,ES,Barcelona,L3 to Trinitat Nova,2001.0,2008.0,0.0,1.9,100.0,2.0,151.0,EUR,2004.0,1.25,188.75,99.34210526,Europe
7448.0,ES,Barcelona,Terrassa tunnel,2008.0,2015.0,0.0,4.5,100.0,3.0,401.0,EUR,2011.0,1.3,521.3,115.8444444,Europe
7449.0,ES,Barcelona,Sabadell tunnel,2006.0,2017.0,0.0,4.4,100.0,4.0,430.0,EUR,2011.0,1.3,559.0,127.0454545,Europe
7450.0,ES,Barcelona,L2 to Badalona,2006.0,2010.0,0.0,0.7,100.0,1.0,70.0,EUR,2008.0,1.25,87.5,125.0,Europe
7451.0,ES,Barcelona,L5 to Vall d'Hebron,2007.0,2010.0,0.0,2.5,100.0,3.0,320.0,EUR,2008.0,1.25,400.0,160.0,Europe
7456.0,ES,Barcelona,L9/10,2003.0,2026.0,0.0,47.8,91.0,52.0,5954.0,EUR,2014.0,1.3,7740.2,161.9288703,Europe
7457.0,ES,Bilbao,Line 3,2007.0,2016.0,0.0,5.9,95.0,7.0,279.0,EUR,2011.0,1.3,362.7,61.47457627,Europe
7458.0,ES,Seville,Line 1,2003.0,2009.0,0.0,18.2,64.0,22.0,892.0,EUR,2006.0,1.25,1115.0,61.26373626,Europe
7459.0,ES,Malaga,Lines 1-2,2006.0,2014.0,0.0,11.3,81.0,17.0,870.0,EUR,2010.0,1.3,1131.0,100.0884956,Europe
7464.0,BD,Dhaka,Line 6,2015.0,2021.0,0.0,20.0,0.0,16.0,220000.0,BDT,2018.0,0.032,7040.0,352.0,Asia
7465.0,BD,Dhaka,Line 1,2020.0,2026.0,0.0,31.2,64.0,19.0,525610.0,BDT,2023.0,0.032,16819.52,539.0871795,Asia
7466.0,BD,Dhaka,Line 5,2020.0,2028.0,0.0,19.6,70.0,14.0,412380.0,BDT,2024.0,0.032,13196.16,673.2734694,Asia
7467.0,ID,Jakarta,MRT first phase,2013.0,2019.0,0.0,15.7,38.0,13.0,13776070.0,IDR,2016.0,0.000213,2934.30291,186.8982745,Asia
7472.0,FR,Lyon,Line A to Vaulx,2005.0,2007.0,0.0,1.0,100.0,1.0,53.0,EUR,2006.0,1.25,66.25,66.25,Europe
7473.0,FR,Lyon,Line B to Oullins,2009.0,2013.0,0.0,1.8,100.0,1.0,222.0,EUR,2011.0,1.3,288.6,160.3333333,Europe
7474.0,FR,Lyon,Line B to Hospital-Sud,2017.0,2023.0,0.0,2.5,100.0,2.0,394.0,EUR,2020.0,1.3,512.2,204.88,Europe
7475.0,PK,Lahore,Orange Line,2015.0,2020.0,0.0,27.1,6.0,26.0,183000.0,PKR,2017.0,0.033,6039.0,222.8413284,Asia
7480.0,TH,Bangkok,Sukhumvit Line to Kheka,2012.0,2018.0,0.0,12.8,0.0,9.0,21904.0,THB,2007.0,0.087,1905.648,148.87875,Asia
7481.0,TH,Bangkok,Sukhumvit Line to Khu Khot,2015.0,2020.0,0.0,19.0,0.0,16.0,58862.0,THB,2017.0,0.081,4767.822,250.938,Asia
7482.0,TH,Bangkok,Blue Line extension,2011.0,2020.0,0.0,26.9,20.0,19.0,71687.0,THB,2015.0,0.081,5806.647,215.8604833,Asia
7483.0,TH,Bangkok,Brown Line,2020.0,2020.0,0.0,22.1,0.0,18.0,48386.0,THB,2020.0,0.081,3919.266,177.3423529,Asia
7488.0,TH,Bangkok,Pink Line,2017.0,2022.0,0.0,34.5,0.0,30.0,56725.0,THB,2019.0,0.081,4594.725,133.1804348,Asia
7489.0,TH,Bangkok,Yellow Line,2017.0,2022.0,0.0,30.4,0.0,23.0,54768.0,THB,2019.0,0.081,4436.208,145.9278947,Asia
7490.0,TH,Bangkok,Orange Line,2017.0,2025.0,0.0,35.9,75.0,28.0,235320.0,THB,2021.0,0.081,19060.92,530.9448468,Asia
7491.0,TH,Chiang Mai,Red Line,2022.0,2027.0,0.0,15.8,46.0,12.0,27000.0,THB,2024.0,0.081,2187.0,138.4177215,Asia
7496.0,VN,Ho Chi Minh City,Line 1,2012.0,2021.0,0.0,19.7,13.0,14.0,43600000.0,VND,2016.0,0.000126,5493.6,278.8629442,Asia
7497.0,VN,Ho Chi Minh City,Line 2 first phase,2020.0,2026.0,0.0,11.3,82.0,11.0,48000000.0,VND,2023.0,0.000126,6048.0,535.2212389,Asia
7498.0,VN,Ho Chi Minh City,Line 5 first phase,2025.0,2029.0,0.0,8.9,84.0,7.0,41600000.0,VND,2027.0,0.000126,5241.6,588.9438202,Asia
7499.0,JP,Osaka,Tokaido branch relocation,2015.0,2023.0,1.0,2.4,100.0,1.0,69000.0,JPY,2019.0,0.01,690.0,287.5,Asia
7504.0,JP,Osaka,Higashi Line,1999.0,2019.0,1.0,20.3,0.0,0.0,120000.0,JPY,2009.0,0.0087,1044.0,51.42857143,Asia
7505.0,JP,Osaka,Monorail extension,2018.0,2029.0,0.0,8.9,0.0,4.0,105000.0,JPY,2019.0,0.01,1050.0,117.9775281,Asia
7506.0,JP,Tokyo,Fukutoshin Line,2001.0,2008.0,0.0,8.9,100.0,8.0,250000.0,JPY,2004.0,0.0074,1850.0,207.8651685,Asia
7507.0,JP,Tokyo,Minatomirai Line,1993.0,2004.0,1.0,4.1,100.0,6.0,257000.0,JPY,1998.0,0.0063,1619.1,394.902439,Asia
7512.0,JP,Tokyo,Oedo Line ring,1992.0,2000.0,0.0,27.8,100.0,27.0,988600.0,JPY,1999.0,0.0064,6327.04,227.5913669,Asia
7513.0,JP,Tokyo,Haneda express line,2022.0,2029.0,1.0,5.6,100.0,2.0,300000.0,JPY,2025.0,0.01,3000.0,535.7142857,Asia
7514.0,JP,Tokyo,Tama Monorail first phase,1991.0,2000.0,0.0,16.0,0.0,19.0,242200.0,JPY,1995.0,0.006,1453.2,90.825,Asia
7520.0,JP,Tokyo,Tokyo-Ueno Line,2008.0,2015.0,1.0,3.8,0.0,0.0,40000.0,JPY,2011.0,0.009,360.0,94.73684211,Asia
7521.0,JP,Tokyo,Sotetsu Shin-Yokohama JR Line,2010.0,2019.0,1.0,2.7,78.0,1.0,111400.0,JPY,2014.0,0.0097,1080.58,400.2148148,Asia
7522.0,JP,Tokyo,Sotetsu Shin-Yokohama Tokyu Line,2010.0,2022.0,1.0,10.0,80.0,2.0,290800.0,JPY,2016.0,0.0095,2762.6,276.26,Asia
7523.0,JP,Fukuoka,Nanakuma Line extension,2014.0,2022.0,0.0,1.6,100.0,2.0,58700.0,JPY,2018.0,0.01,587.0,366.875,Asia
7528.0,BR,Sao Paulo,Line 6 phase 1,2015.0,2023.0,0.0,15.9,84.0,15.0,9600.0,BRL,2020.0,0.44,4224.0,265.6603774,South America
7529.0,CH,Lucerne,Zentralbahn,2008.0,2013.0,1.0,1.5,90.0,1.0,220.0,CHF,2010.0,0.68,149.736,99.824,Europe
7530.0,CH,Zurich,Durchmesserlinie,2007.0,2014.0,1.0,9.6,50.0,1.0,2030.0,CHF,2010.0,0.68,1380.4,143.7916667,Europe
7531.0,JP,Tokyo,Tsukuba Express,1997.0,2005.0,0.0,58.3,28.0,20.0,949400.0,JPY,2001.0,0.0077,7310.38,125.3924528,Asia
7536.0,IN,Bangalore,Phase 2,2017.0,2024.0,0.0,73.9,0.0,62.0,306950.0,INR,2020.0,0.047,14426.65,195.2185386,Asia
7537.0,IN,Bangalore,Phase 1,2006.0,2017.0,0.0,42.3,20.0,41.0,144050.0,INR,2011.0,0.064,9219.2,217.9479905,Asia
7538.0,IN,Gurgaon,Phase 1,2009.0,2013.0,0.0,5.5,0.0,6.0,10880.0,INR,2011.0,0.064,696.32,126.6036364,Asia
7539.0,IN,Gurgaon,Phase 2,2013.0,2017.0,0.0,6.3,0.0,5.0,24230.0,INR,2015.0,0.052,1259.96,199.9936508,Asia
7544.0,IN,Nagpur,Phase 1,2014.0,2020.0,0.0,38.2,0.0,40.0,86800.0,INR,2014.0,0.054,4687.2,122.7015707,Asia
7545.0,IN,Nagpur,Phase 2,2015.0,2020.0,0.0,43.8,0.0,32.0,112160.0,INR,2018.0,0.048,5383.68,122.9150685,Asia
7546.0,IN,Ahmadabad,Phase 1,2015.0,2023.0,0.0,40.0,16.0,33.0,127000.0,INR,2019.0,0.047,5969.0,149.225,Asia
7547.0,IN,Hyderabad,Phase 1,2012.0,2020.0,0.0,72.0,0.0,66.0,188000.0,INR,2016.0,0.05,9400.0,130.5555556,Asia
7552.0,IN,Hyderabad,Airport express,2020.0,2020.0,0.0,31.0,8.0,10.0,46500.0,INR,2020.0,0.047,2185.5,70.5,Asia
7553.0,IN,Chennai,Phase 1,2009.0,2019.0,0.0,45.1,53.0,34.0,200000.0,INR,2014.0,0.054,10800.0,239.4678492,Asia
7554.0,IN,Chennai,Phase 1 extension,2016.0,2020.0,0.0,9.1,26.0,9.0,37700.0,INR,2018.0,0.048,1809.6,198.8571429,Asia
7555.0,IN,Chennai,Phase 2,2020.0,2026.0,0.0,118.9,36.0,128.0,691800.0,INR,2023.0,0.047,32514.6,273.4617325,Asia
7560.0,CH,Geneva,CEVA,2013.0,2019.0,1.0,8.8,96.0,4.0,1567.0,CHF,2016.0,0.68,1065.56,121.0863636,Europe
7561.0,UA,Kyiv,M3 to Vynohradar,2018.0,2022.0,0.0,3.7,100.0,2.0,5993.0,UAH,2020.0,0.121,725.153,195.9872973,Europe
7562.0,UA,Kyiv,M4,2021.0,2026.0,0.0,20.0,65.0,13.0,2000.0,USD,2023.0,3.0,6000.0,300.0,Europe
7563.0,UA,Kharkiv,M3 extension,2018.0,2024.0,0.0,3.5,100.0,2.0,382.0,EUR,2021.0,3.9,1489.8,425.6571429,Europe
7568.0,TW,Taipei,Sanying Line,2016.0,2023.0,0.0,14.29,0.0,12.0,50200.0,TWD,2019.0,0.0664,3333.28,233.2596221,Asia
7569.0,TW,Taipei,Danhai LRT,2014.0,2024.0,0.0,14.0,0.0,20.0,15300.0,TWD,2016.0,0.0664,1015.92,72.56571429,Asia
7570.0,TW,Taipei,Circular Line first section,2011.0,2020.0,0.0,15.4,7.0,14.0,69970.0,TWD,2015.0,0.0664,4646.008,301.6888312,Asia
7571.0,TW,Taipei,Airport MRT,2006.0,2017.0,0.0,51.0,21.0,22.0,113850.0,TWD,2011.0,0.0664,7559.64,148.2282353,Asia
7576.0,TW,Taipei,Taoyuan MRT Green Line,2019.0,2026.0,0.0,27.8,45.0,21.0,98264.0,TWD,2022.0,0.0664,6524.7296,234.7025036,Asia
7577.0,TW,Taipei,Taoyuan MRT Brown Line,2019.0,2020.0,0.0,11.5,0.0,8.0,19558.0,TWD,2020.0,0.0664,1298.6512,112.9261913,Asia
7578.0,TW,Taipei,Taoyuan Underground,2019.0,2030.0,1.0,17.9,100.0,8.0,105600.0,TWD,2024.0,0.0664,7011.84,391.722905,Asia
7579.0,TW,Kaohsiung,Red and Orange Lines,2001.0,2008.0,0.0,43.0,74.0,38.0,181300.0,TWD,2004.0,0.0664,12038.32,279.9609302,Asia
7584.0,TW,Kaohsiung,Urban Railway Underground,2008.0,2018.0,1.0,15.4,100.0,10.0,99870.0,TWD,2013.0,0.0664,6631.368,430.6083117,Asia
7585.0,TW,Tainan,Underground Project,2019.0,2024.0,1.0,8.2,100.0,3.0,29360.0,TWD,2021.0,0.0664,1949.504,237.7443902,Asia
7586.0,TW,Taichung,Green Line,2010.0,2020.0,0.0,16.7,0.0,18.0,59337.0,TWD,2015.0,0.0664,3939.9768,235.9267545,Asia
7587.0,AU,Perth,Forrestfield-Airport Link,2016.0,2021.0,1.0,8.5,100.0,3.0,1860.0,AUD,2018.0,0.69,1283.4,150.9882353,Australia
7592.0,JP,Tokyo,Yurikamome,1988.0,1995.0,0.0,12.0,0.0,12.0,170200.0,JPY,1991.0,0.0054,919.08,76.59,Asia
7593.0,AR,Buenos Aires,RER,2020.0,2026.0,1.0,20.0,100.0,4.0,2300.0,USD,2023.0,2.02,4646.0,232.3,South America
7594.0,DE,Nuremberg,U3 extension,2020.0,2025.0,0.0,0.6,100.0,1.0,138.0,EUR,2022.0,1.3,178.75,297.9166667,Europe
7595.0,DE,Cologne,North-South Stadtbahn,2003.0,2015.0,0.0,4.0,100.0,6.0,1040.0,EUR,2009.0,1.3,1352.0,338.0,Europe
7600.0,DE,Berlin,U8 to Wittenau,1985.0,1994.0,0.0,3.6,100.0,4.0,520.0,EUR,2020.0,1.3,676.0,187.7777778,Europe
7601.0,DE,Berlin,U2 to Pankow,1997.0,2000.0,0.0,0.8,100.0,1.0,54.0,EUR,1998.0,1.3,70.2,87.75,Europe
7602.0,DE,Frankfurt,U-Bahn Europaviertel,2019.0,2025.0,0.0,2.7,52.0,4.0,374.0,EUR,2022.0,1.3,485.55,179.8333333,Europe
7603.0,PE,Lima,Line 2,2014.0,2025.0,0.0,35.0,100.0,35.0,5836.0,USD,2019.0,1.9,11088.4,316.8114286,South America
7608.0,MY,Kuala Lumpur,Kajang Line,2012.0,2017.0,0.0,51.0,19.0,31.0,21000.0,MYR,2014.0,0.7,14700.0,288.2352941,Asia
7609.0,MY,Kuala Lumpur,Putrajaya Line (MRT 2),2016.0,2023.0,0.0,52.2,26.0,41.0,30530.0,MYR,2019.0,0.7,21371.0,409.4061303,Asia
7610.0,TR,Istanbul,M2-M6,1992.0,2015.0,0.0,26.79,96.68,19.0,1750.0,USD,2004.0,1.8,3150.0,117.58,Asia
7611.0,TR,Istanbul,M3 Phase 1,2006.0,2013.0,0.0,15.9,100.0,11.0,1356.0,USD,2010.0,1.6,2169.6,136.45,Asia
7616.0,TR,Istanbul,M4 Phase 1,2005.0,2012.0,0.0,21.7,100.0,16.0,1288.0,USD,2009.0,1.7,2189.6,100.9,Asia
7617.0,TR,Istanbul,M4 Phase 2,2013.0,2016.0,0.0,4.4,100.0,3.0,145.0,USD,2015.0,2.3,333.5,75.8,Asia
7618.0,TR,Istanbul,M5 Phase 1,2011.0,2018.0,0.0,19.7,100.0,16.0,866.0,USD,2015.0,2.3,1991.8,101.11,Asia
7619.0,TR,Istanbul,BC1,2004.0,2013.0,1.0,13.6,100.0,5.0,1650.0,USD,2009.0,1.7,2805.0,206.25,Asia
7624.0,TR,Istanbul,CR3,2011.0,2019.0,1.0,63.0,0.0,36.0,1298.0,USD,2015.0,2.3,2985.4,47.39,Asia
7625.0,TR,Istanbul,M7 Phase1-2,2014.0,2022.0,0.0,23.75,96.21,19.0,896.0,USD,2018.0,3.0,2688.0,113.18,Asia
7626.0,TR,Izmir,M1 Phase 1,1995.0,2000.0,0.0,11.6,29.31,10.0,600.0,USD,1998.0,2.0,1200.0,103.45,Asia
7627.0,TR,Izmir,M1 Phase 2,2005.0,2014.0,0.0,5.35,100.0,6.0,252.0,TRY,2010.0,1.1,277.2,51.81,Asia
7632.0,TR,Izmir,M1 Phase 3,2010.0,2012.0,0.0,2.25,100.0,2.0,106.0,TRY,2011.0,1.0,106.0,47.11,Asia
7633.0,TR,Ankara,M4,2003.0,2017.0,0.0,9.22,100.0,9.0,1000.0,TRY,2010.0,1.1,1100.0,119.31,Asia
7634.0,TR,Bursa,Bursaray,1997.0,2014.0,0.0,39.0,16.03,38.0,425.0,EUR,2006.0,2.1,892.5,22.88,Asia
7640.0,CN,Beijing,Line 4,2004.0,2009.0,0.0,28.2,95.17,24.0,15300.0,CNY,2005.0,0.3517,5381.01,190.82,Asia
7649.0,CN,Beijing,Line 13,1999.0,2003.0,0.0,40.85,0.0,17.0,6570.0,CNY,1999.0,0.37,2430.9,59.51,Asia
7658.0,CN,Shanghai,Line 2 Eastern Extension 1,1999.0,2000.0,0.0,2.72,31.99,1.0,314.77,CNY,1999.0,0.37,116.46,42.82,Asia
7659.0,CN,Shanghai,Line 2 Western Extension 1,2001.0,2006.0,0.0,6.155,100.0,4.0,3488.42,CNY,2004.0,0.3545,1236.64,200.92,Asia
7664.0,CN,Shanghai,Line 2 Eastern Extension 2,2006.0,2010.0,0.0,30.8,69.81,10.0,11032.0,CNY,2008.0,0.3143,3467.36,112.58,Asia
7666.0,CN,Shanghai,Line 3,1997.0,2000.0,0.0,24.975,0.0,19.0,9378.0,CNY,1998.0,0.37,3469.86,138.93,Asia
7673.0,CN,Shanghai,Line 5 Phase 1,2000.0,2002.0,0.0,17.206,0.0,11.0,3437.0,CNY,2001.0,0.3683,1265.85,73.57,Asia
7674.0,CN,Shanghai,Line 5 Southern Extension,2014.0,2018.0,0.0,19.628,39.47,9.0,10619.0,CNY,2016.0,0.2507,2662.18,135.63,Asia
7675.0,CN,Shanghai,Line 7 Phase 1,2005.0,2009.0,0.0,34.388,100.0,28.0,18700.0,CNY,2007.0,0.3323,6214.01,180.7,Asia
7680.0,CN,Shanghai,Line 7 Northern Extension,2009.0,2011.0,0.0,9.978,70.25,5.0,3157.0,CNY,2010.0,0.3004,948.36,95.05,Asia
7683.0,CN,Shanghai,Line 9 Phase 2,2005.0,2009.0,0.0,14.5,100.0,10.0,8940.0,CNY,2007.0,0.3323,2970.76,204.88,Asia
7688.0,CN,Shanghai,Line 9 Phase 3,2009.0,2012.0,0.0,5.372,100.0,3.0,2800.0,CNY,2010.0,0.3004,841.12,156.57,Asia
7689.0,CN,Shanghai,Line 9 Phase 3 Eastern Extension,2013.0,2017.0,0.0,13.828,100.0,9.0,12713.0,CNY,2015.0,0.2583,3283.77,237.47,Asia
7690.0,CN,Shanghai,Line 10 Phase 1,2005.0,2010.0,0.0,36.221,100.0,31.0,23784.0,CNY,2007.0,0.3323,7903.42,218.2,Asia
7691.0,CN,Shanghai,Line 11 Phase 1,2007.0,2009.0,0.0,46.008,47.11,21.0,18950.0,CNY,2008.0,0.3143,5955.99,129.46,Asia
7698.0,CN,Xuzhou,Line 3 Phase 2,2015.0,2020.0,0.0,6.5,100.0,5.0,5015.4,CNY,2020.0,0.2382,1194.67,183.8,Asia
7699.0,CN,Xuzhou,Line 4 Phase 1,2015.0,2020.0,0.0,25.4,100.0,19.0,17354.0,CNY,2020.0,0.2382,4133.72,162.74,Asia
7704.0,CN,Xuzhou,Line 5 Phase 1,2015.0,2020.0,0.0,24.6,100.0,20.0,16830.0,CNY,2020.0,0.2382,4008.91,162.96,Asia
7705.0,CN,Xuzhou,Line 6 Phase 1,2015.0,2020.0,0.0,22.8,100.0,15.0,14392.0,CNY,2020.0,0.2382,3428.17,150.36,Asia
7706.0,CN,Shenzhen,Line 6 Phase 1,2015.0,2020.0,0.0,37.626,34.58,20.0,16800.0,CNY,2013.0,0.2729,4585.15,121.86,Asia
7707.0,CN,Shenzhen,Line 6 (feeder),2018.0,2022.0,0.0,6.13,86.54,4.0,3795.0,CNY,2018.0,0.2379,902.71,147.26,Asia
7712.0,CN,Shenzhen,Line 3 Phase 4,2015.0,2022.0,0.0,9.35,79.36,7.0,10785.0,CNY,2020.0,0.2382,2568.99,274.76,Asia
7713.0,CN,Shenzhen,Line 12 Phase 2,2015.0,2020.0,0.0,8.05,100.0,6.0,9094.0,CNY,2020.0,0.2382,2166.19,269.09,Asia
7714.0,CN,Shenzhen,Line 13 Northern Extension,2020.0,2020.0,0.0,18.8,100.0,11.0,22918.0,CNY,2020.0,0.2382,5459.07,290.38,Asia
7715.0,CN,Shenzhen,Line 13 Southern Extension,2020.0,2025.0,0.0,4.47,100.0,3.0,4962.0,CNY,2020.0,0.2382,1181.95,264.42,Asia
7720.0,CN,Shenzhen,Line 16 Phase 2,2015.0,2020.0,0.0,9.53,100.0,7.0,10995.0,CNY,2020.0,0.2382,2619.01,274.82,Asia
7721.0,CN,Shenzhen,Line 7 Phase 2,2015.0,2020.0,0.0,2.45,100.0,2.0,2806.0,CNY,2020.0,0.2382,668.39,272.81,Asia
7723.0,CN,Shenzhen,Line 11 Phase 2,2015.0,2020.0,0.0,5.58,100.0,3.0,6634.0,CNY,2020.0,0.2382,1580.22,283.19,Asia
7728.0,CN,Shenzhen,Line 20 Phase 1,2020.0,2021.0,0.0,8.43,100.0,5.0,12516.0,CNY,2020.0,0.2382,2981.31,353.65,Asia
7729.0,CN,Hangzhou,Line 1 Phase 1,2007.0,2012.0,0.0,48.0,100.0,31.0,22076.0,CNY,2007.0,0.3323,7335.85,152.83,Asia
7730.0,CN,Nanjing,Line 1 Phase 1,2000.0,2005.0,0.0,21.72,65.98,16.0,8500.0,CNY,2000.0,0.3678,3126.15,143.93,Asia
7731.0,CN,Wuhan,Line 1 Phase 1,2000.0,2003.0,0.0,10.234,0.0,10.0,2199.0,CNY,2000.0,0.3678,808.75,79.03,Asia
7736.0,CN,Wuhan,Line 1 Phase 2,2005.0,2010.0,0.0,18.25,0.0,16.0,4649.8,CNY,2005.0,0.3517,1635.33,89.61,Asia
7737.0,CN,Wuhan,Line 1 Phase 3 Hankou North,2011.0,2013.0,0.0,5.7,0.0,3.0,2361.0,CNY,2011.0,0.2838,670.05,117.55,Asia
7739.0,CN,Hefei,Line 2 Eastern Extension,2015.0,2020.0,0.0,14.5,100.0,11.0,10107.0,CNY,2020.0,0.2382,2407.49,166.03,Asia
7744.0,CN,Hefei,Line 3 Southern Extension,2015.0,2020.0,0.0,11.25,100.0,8.0,8968.0,CNY,2020.0,0.2382,2136.18,189.88,Asia
7745.0,CN,Hefei,Line 4 Southern Extension,2015.0,2020.0,0.0,12.91,51.12,7.0,7067.0,CNY,2020.0,0.2382,1683.36,130.39,Asia
7746.0,CN,Hefei,Line 6 Phase 1,2015.0,2020.0,0.0,27.3,100.0,17.0,20585.0,CNY,2020.0,0.2382,4903.35,179.61,Asia
7747.0,CN,Hefei,Line 7 Phase 1,2015.0,2020.0,0.0,21.0,100.0,17.0,16881.0,CNY,2020.0,0.2382,4021.05,191.48,Asia
7752.0,CN,Hefei,Line 8 Phase 1,2015.0,2020.0,0.0,23.0,100.0,12.0,16201.0,CNY,2020.0,0.2382,3859.08,167.79,Asia
7753.0,CN,Kunming,Line 1 Phase 1 and Line 2 Phase 1,2010.0,2014.0,0.0,42.1,69.83,31.0,23137.0,CNY,2010.0,0.3004,6950.14,165.09,Asia
7754.0,CN,Shanghai,Line 1 Western Extension,2015.0,2020.0,0.0,1.2,0.0,1.0,3575.0,CNY,2018.0,0.2379,850.38,708.65,Asia
7755.0,CN,Shanghai,Line 20 Phase 1,2015.0,2020.0,0.0,19.8,100.0,16.0,39354.0,CNY,2018.0,0.2379,9361.08,472.78,Asia
7760.0,CN,Beijing,Line 28,2017.0,2021.0,0.0,8.777,100.0,9.0,12750.0,CNY,2019.0,0.2382,3037.16,346.04,Asia
7761.0,CN,Wuhan,Line 11 Phase 3,2015.0,2020.0,0.0,9.9,100.0,6.0,13515.0,CNY,2019.0,0.2382,3219.39,325.19,Asia
7762.0,CN,Shanghai,Line 19,2015.0,2020.0,0.0,44.5,100.0,32.0,60524.0,CNY,2018.0,0.2379,14396.76,323.52,Asia
7763.0,CN,Shanghai,Line 21 Phase 1,2015.0,2020.0,0.0,28.0,100.0,16.0,36956.0,CNY,2018.0,0.2379,8790.68,313.95,Asia
7768.0,CN,Shanghai,Line 13 Western Extension,2015.0,2020.0,0.0,9.8,100.0,5.0,12629.0,CNY,2018.0,0.2379,3004.04,306.54,Asia
7769.0,CN,Beijing,Line 11 West,2019.0,2021.0,0.0,4.0,100.0,4.0,4890.0,CNY,2019.0,0.2382,1164.84,291.21,Asia
7770.0,CN,Shanghai,Line 23 Phase 1,2015.0,2020.0,0.0,28.0,100.0,22.0,33729.0,CNY,2018.0,0.2379,8023.07,286.54,Asia
7771.0,CN,Shenzhen,Line 13,2018.0,2023.0,0.0,23.0,100.0,14.0,21480.0,CNY,2017.0,0.239,5133.84,223.21,Asia
7776.0,CN,Beijing,Line 3 Phase 1+2,2016.0,2021.0,0.0,37.4,55.61,27.0,41500.0,CNY,2015.0,0.2583,10720.74,286.65,Asia
7777.0,CN,Beijing,Line 12,2017.0,2021.0,0.0,29.2,100.0,21.0,32400.0,CNY,2015.0,0.2583,8369.93,286.64,Asia
7778.0,CN,Guangzhou,Line 13 Phase 2,2017.0,2021.0,0.0,33.6,100.0,23.0,37075.0,CNY,2017.0,0.239,8861.14,263.72,Asia
7779.0,CN,Guangzhou,Line 10,2017.0,2022.0,0.0,25.2,100.0,19.0,28920.0,CNY,2018.0,0.2379,6879.16,272.98,Asia
7784.0,CN,Shenzhen,Line 12,2017.0,2022.0,0.0,40.0,100.0,33.0,38140.0,CNY,2017.0,0.239,9115.68,227.89,Asia
7785.0,CN,Beijing,Line 8 Phase 4,2016.0,2018.0,0.0,3.4,29.08,2.0,3420.0,CNY,2015.0,0.2583,883.49,259.85,Asia
7786.0,CN,Chengdu,Line 18 Phase 3,2019.0,2024.0,0.0,14.29,100.0,7.0,14656.0,CNY,2019.0,0.2382,3491.19,244.31,Asia
7787.0,CN,Tianjin,M8 Phase 1,2017.0,2020.0,0.0,20.0,100.0,18.0,20053.0,CNY,2015.0,0.2583,5180.32,259.02,Asia
7792.0,CN,Beijing,Line 19 Phase 1,2017.0,2021.0,0.0,22.4,100.0,10.0,22180.0,CNY,2015.0,0.2583,5729.79,255.79,Asia
7793.0,CN,Beijing,Line 17,2015.0,2022.0,0.0,49.7,100.0,21.0,49200.0,CNY,2015.0,0.2583,12709.89,255.73,Asia
7794.0,CN,Beijing,Line 16,2013.0,2021.0,0.0,49.8,100.0,29.0,49500.0,CNY,2013.0,0.2729,13509.83,271.28,Asia
7795.0,CN,Beijing,Line 25 Phase 2 (Fangshan Northern Extension),2017.0,2020.0,0.0,5.0,100.0,4.0,4860.0,CNY,2015.0,0.2583,1255.49,251.1,Asia
7800.0,CN,Tianjin,M10 Phase 1,2015.0,2020.0,0.0,24.0,100.0,23.0,23203.0,CNY,2015.0,0.2583,5994.06,249.75,Asia
7801.0,CN,Tianjin,M7 Phase 1,2017.0,2020.0,0.0,26.9,100.0,24.0,25704.0,CNY,2015.0,0.2583,6640.14,246.85,Asia
7802.0,CN,Wuhan,Line 12 (Ring),2020.0,2024.0,0.0,59.9,100.0,37.0,58387.0,CNY,2018.0,0.2379,13888.44,231.86,Asia
7803.0,CN,Nanchang,Line 2 Eastern Extension,2017.0,2020.0,0.0,4.7,100.0,4.0,4420.0,CNY,2015.0,0.2583,1141.82,242.94,Asia
7808.0,CN,Chengdu,Line 8 Phase 2,2019.0,2024.0,0.0,7.83,100.0,7.0,7452.0,CNY,2019.0,0.2382,1775.13,226.71,Asia
7809.0,CN,Tianjin,M11 Phase 1,2017.0,2020.0,0.0,25.4,100.0,25.0,23607.0,CNY,2015.0,0.2583,6098.42,240.1,Asia
7810.0,CN,Shenzhen,Line 16,2018.0,2023.0,0.0,27.6,100.0,24.0,27530.0,CNY,2017.0,0.239,6579.83,238.4,Asia
7811.0,CN,Guangzhou,Line 12,2018.0,2023.0,0.0,37.6,100.0,25.0,35120.0,CNY,2017.0,0.239,8393.88,223.24,Asia
7816.0,CN,Beijing,Line 7 Phase 2 (Eastern Extension),2016.0,2020.0,0.0,17.2,87.21,9.0,15330.0,CNY,2016.0,0.2507,3843.07,223.43,Asia
7817.0,CN,Wuhan,Line 2 Southern Extension,2015.0,2020.0,0.0,13.35,100.0,10.0,16017.0,CNY,2014.0,0.266,4260.97,319.17,Asia
7818.0,CN,Hangzhou,Line 9 Phase 1,2017.0,2022.0,0.0,17.8,100.0,14.0,15657.0,CNY,2016.0,0.2507,3925.04,220.51,Asia
7819.0,CN,Shanghai,Jiamin,2015.0,2020.0,0.0,41.6,84.0,15.0,37101.0,CNY,2018.0,0.2379,8825.17,212.14,Asia
7824.0,CN,Beijing,Line 27 Phase 2 (Changping Southern Extension),2019.0,2021.0,0.0,16.6,100.0,8.0,14230.0,CNY,2015.0,0.2583,3676.05,221.45,Asia
7825.0,CN,Nanjing,Line 5,2015.0,2020.0,0.0,37.2,100.0,29.0,31680.0,CNY,2015.0,0.2583,8183.93,220.0,Asia
7826.0,CN,Tianjin,B1 Phase 1,2015.0,2020.0,0.0,31.4,90.13,22.0,26488.0,CNY,2015.0,0.2583,6842.68,217.92,Asia
7827.0,CN,Shenzhen,Line 14,2018.0,2022.0,0.0,51.9,100.0,17.0,42970.0,CNY,2017.0,0.239,10270.08,197.88,Asia
7832.0,CN,Beijing,Line 6 Phase 1 and 2,2008.0,2014.0,0.0,42.85,100.0,27.0,32250.0,CNY,2009.0,0.3174,10234.85,238.85,Asia
7833.0,CN,Changsha,Line 6 Central,2017.0,2021.0,0.0,26.5,100.0,20.0,22360.0,CNY,2017.0,0.239,5344.17,201.67,Asia
7834.0,CN,Nanjing,Line 1 Northern Extension,2015.0,2019.0,0.0,7.2,93.0,5.0,5940.0,CNY,2015.0,0.2583,1534.49,213.12,Asia
7835.0,CN,Hangzhou,Line 10 Phase 1,2018.0,2022.0,0.0,15.9,100.0,13.0,13109.0,CNY,2016.0,0.2507,3286.29,206.68,Asia
7840.0,CN,Wuhan,Line 8 Phase 2,2018.0,2021.0,0.0,16.7,100.0,12.0,13772.0,CNY,2015.0,0.2583,3557.74,213.04,Asia
7841.0,CN,Changsha,Line 7 Phase 1,2017.0,2021.0,0.0,21.6,100.0,16.0,18132.0,CNY,2017.0,0.239,4333.65,200.63,Asia
7843.0,CN,Xiamen,Line 6,2017.0,2022.0,0.0,44.5,100.0,27.0,36464.0,CNY,2016.0,0.2507,9141.14,205.42,Asia
7848.0,CN,Nanjing,Line 4 Phase 2,2016.0,2020.0,0.0,9.7,100.0,6.0,7895.0,CNY,2016.0,0.2507,1979.19,204.04,Asia
7849.0,CN,Wuhan,Line 19,2015.0,2020.0,0.0,20.6,100.0,6.0,17190.0,CNY,2018.0,0.2379,4088.96,198.49,Asia
7850.0,CN,Nanjing,Line 10 Phase 2,2017.0,2020.0,0.0,12.1,100.0,7.0,9720.0,CNY,2015.0,0.2583,2510.98,207.52,Asia
7851.0,CN,Guangzhou,Line 14 Phase 2,2017.0,2021.0,0.0,11.6,100.0,7.0,9494.0,CNY,2017.0,0.239,2269.12,195.61,Asia
7856.0,CN,Chengdu,Line 13 Phase 1,2019.0,2024.0,0.0,28.85,91.16,19.0,23644.0,CNY,2019.0,0.2382,5632.21,195.22,Asia
7857.0,CN,Nanning,Line 5 Phase 1,2016.0,2020.0,0.0,20.6,100.0,18.0,15311.0,CNY,2015.0,0.2583,3955.31,192.01,Asia
7858.0,CN,Shanghai,Line 8 Phase 1,2015.0,2009.0,0.0,23.22,100.0,22.0,14493.0,CNY,2001.0,0.3683,5338.12,229.89,Asia
7859.0,CN,Guangzhou,Line 22,2017.0,2020.0,0.0,31.8,100.0,6.0,25865.0,CNY,2017.0,0.239,6181.88,194.4,Asia
7864.0,CN,Beijing,Line 22,2015.0,2020.0,0.0,78.6,62.0,20.0,63930.0,CNY,2019.0,0.2382,15228.68,193.75,Asia
7865.0,CN,Guangzhou,Line 5 Eastern Extension,2018.0,2022.0,0.0,9.7,100.0,6.0,7862.0,CNY,2017.0,0.239,1879.06,193.72,Asia
7866.0,CN,Hangzhou,Line 6 Phase 2,2017.0,2022.0,0.0,8.3,100.0,6.0,6550.0,CNY,2016.0,0.2507,1642.02,197.83,Asia
7867.0,CN,Xiamen,Line 2 Phase 2,2016.0,2020.0,0.0,15.5,100.0,9.0,12218.0,CNY,2016.0,0.2507,3062.92,197.61,Asia
7872.0,CN,Zhengzhou,Line 14 Phase 1,2015.0,2020.0,0.0,8.3,100.0,6.0,6684.0,CNY,2019.0,0.2382,1592.19,191.83,Asia
7873.0,CN,Zhengzhou,Line 6 Phase 1,2015.0,2020.0,0.0,36.5,92.33,24.0,29304.0,CNY,2019.0,0.2382,6980.47,191.25,Asia
7874.0,CN,Fuzhou,Line 5 Phase 1,2016.0,2020.0,0.0,24.6,100.0,20.0,19288.0,CNY,2015.0,0.2583,4982.69,202.55,Asia
7875.0,CN,Nanjing,Line 9 Phase 1,2016.0,2020.0,0.0,18.0,100.0,15.0,14110.0,CNY,2015.0,0.2583,3645.05,202.5,Asia
7880.0,CN,Changsha,Line 5 South Extension,2018.0,2022.0,0.0,8.43,100.0,7.0,6727.0,CNY,2017.0,0.239,1607.79,190.72,Asia
7881.0,CN,Wuhan,Line 5,2017.0,2021.0,0.0,31.9,100.0,27.0,24964.0,CNY,2015.0,0.2583,6448.98,202.16,Asia
7882.0,CN,Chongqing,Line 5 Northern Extension,2019.0,2024.0,0.0,8.95,100.0,7.0,7168.0,CNY,2018.0,0.2379,1705.04,190.51,Asia
7883.0,CN,Beijing,Line 13A,2019.0,2022.0,0.0,30.2,60.26,18.0,23960.0,CNY,2019.0,0.2382,5707.48,188.99,Asia
7888.0,CN,Zhengzhou,Line 7 Phase 1,2015.0,2020.0,0.0,26.9,100.0,20.0,21158.0,CNY,2019.0,0.2382,5040.02,187.36,Asia
7889.0,CN,Changchun,Line 5 Phase 1,2020.0,2026.0,0.0,19.5,100.0,18.0,15382.0,CNY,2018.0,0.2379,3658.9,187.64,Asia
7890.0,CN,Wuhan,Line 11 East,2017.0,2021.0,0.0,32.1,100.0,20.0,24620.0,CNY,2015.0,0.2583,6360.11,198.13,Asia
7891.0,CN,Nanjing,Line 2 Western Extension,2017.0,2020.0,0.0,5.6,100.0,4.0,4280.0,CNY,2015.0,0.2583,1105.66,197.44,Asia
7896.0,CN,Nanning,Line 2 Eastern Extension,2017.0,2021.0,0.0,6.5,100.0,4.0,4898.0,CNY,2017.0,0.239,1170.65,180.1,Asia
7897.0,CN,Nanjing,Line 7,2016.0,2020.0,0.0,35.7,100.0,25.0,27220.0,CNY,2015.0,0.2583,7031.77,196.97,Asia
7898.0,CN,Fuzhou,Line 4 Phase 1,2017.0,2021.0,0.0,24.2,100.0,21.0,18436.0,CNY,2015.0,0.2583,4762.59,196.8,Asia
7899.0,CN,Chengdu,Line 30 Phase 1,2019.0,2024.0,0.0,24.78,100.0,24.0,19112.0,CNY,2019.0,0.2382,4552.64,183.72,Asia
7904.0,CN,Beijing,Line 7 Phase 1,2009.0,2014.0,0.0,23.7,100.0,21.0,16000.0,CNY,2014.0,0.266,4256.45,179.6,Asia
7905.0,CN,Nanchang,Line 4 Phase 1,2016.0,2021.0,0.0,38.2,84.29,29.0,28650.0,CNY,2015.0,0.2583,7401.19,193.75,Asia
7906.0,CN,Xi'an,Line 8,2015.0,2020.0,0.0,50.0,100.0,35.0,38286.0,CNY,2019.0,0.2382,9120.06,182.4,Asia
7907.0,CN,Hangzhou,Line 4 Phase 2,2017.0,2022.0,0.0,23.4,100.0,15.0,17388.0,CNY,2016.0,0.2507,4358.99,186.28,Asia
7913.0,CN,Changsha,Line 6 West,2018.0,2022.0,0.0,10.05,100.0,7.0,7565.0,CNY,2017.0,0.239,1808.08,179.91,Asia
7914.0,CN,Hangzhou,Line 8 Phase 1,2018.0,2022.0,0.0,17.2,100.0,8.0,12638.0,CNY,2016.0,0.2507,3168.21,184.2,Asia
7915.0,CN,Guangzhou,Line 7 Phase 2,2018.0,2022.0,0.0,21.8,100.0,11.0,16235.0,CNY,2017.0,0.239,3880.26,177.99,Asia
7920.0,CN,Suzhou,Line 7,2015.0,2020.0,0.0,27.0,100.0,23.0,18560.0,CNY,2018.0,0.2379,4414.84,163.51,Asia
7921.0,CN,Hangzhou,Line 3 Phase 1,2017.0,2021.0,0.0,52.2,100.0,35.0,37759.0,CNY,2016.0,0.2507,9465.78,181.34,Asia
7922.0,CN,Guangzhou,Line 18,2017.0,2020.0,0.0,62.5,100.0,9.0,46051.0,CNY,2017.0,0.239,11006.45,176.1,Asia
7923.0,CN,Shenyang,Line 6 Phase 1,2020.0,2026.0,0.0,36.0,100.0,32.0,26350.0,CNY,2019.0,0.2382,6276.8,174.36,Asia
7928.0,CN,Chengdu,Line 17 Phase 2,2019.0,2024.0,0.0,27.6,100.0,17.0,20014.0,CNY,2019.0,0.2382,4767.51,172.74,Asia
7929.0,CN,Nanning,Line 4 Phase 1,2015.0,2019.0,0.0,21.4,100.0,17.0,15119.0,CNY,2015.0,0.2583,3905.71,182.51,Asia
7930.0,CN,Nanning,Line 3 Phase1,2015.0,2019.0,0.0,27.7,100.0,23.0,19343.0,CNY,2015.0,0.2583,4996.9,180.39,Asia
7931.0,CN,Guiyang,Line 3 Phase 1,2018.0,2023.0,0.0,43.135,100.0,29.0,31545.0,CNY,2017.0,0.239,7539.44,174.79,Asia
7936.0,CN,Hefei,Line 5 Phase 1,2016.0,2020.0,0.0,40.3,100.0,34.0,28424.0,CNY,2014.0,0.266,7561.59,187.63,Asia
7937.0,CN,Hangzhou,Line 1 Phase 3,2017.0,2022.0,0.0,11.5,100.0,5.0,7796.0,CNY,2016.0,0.2507,1954.37,169.95,Asia
7938.0,CN,Shenyang,Line 2 Southern Extension,2015.0,2020.0,0.0,14.3,100.0,8.0,10170.0,CNY,2019.0,0.2382,2422.58,169.41,Asia
7939.0,CN,Kunming,Line 1 Northwestern Extension,2014.0,2016.0,0.0,7.9,100.0,7.0,5571.0,CNY,2013.0,0.2729,1520.47,192.46,Asia
7944.0,CN,Chongqing,Line 10,2014.0,2020.0,0.0,44.09,81.15,27.0,31098.0,CNY,2018.0,0.2379,7397.24,167.78,Asia
7945.0,CN,Nanjing,Line 6,2016.0,2020.0,0.0,34.8,100.0,17.0,23900.0,CNY,2015.0,0.2583,6174.12,177.42,Asia
7946.0,CN,Hefei,Line 3 Phase 1,2014.0,2019.0,0.0,37.7,92.0,32.0,26071.0,CNY,2014.0,0.266,6935.62,183.97,Asia
7947.0,CN,Nanjing,Line S8 Southern Extension,2017.0,2020.0,0.0,2.5,100.0,2.0,1711.0,CNY,2016.0,0.239,408.94,163.58,Asia
7952.0,CN,Chongqing,Line 5A,2019.0,2024.0,0.0,28.96,62.57,19.0,20334.0,CNY,2018.0,0.2379,4836.82,167.02,Asia
7953.0,CN,Fuzhou,Line 6,2015.0,2019.0,0.0,40.5,79.01,20.0,27716.0,CNY,2015.0,0.2583,7159.91,176.79,Asia
7954.0,CN,Shanghai,Airport Contact Line,2019.0,2025.0,0.0,68.6,83.0,9.0,48054.0,CNY,2018.0,0.2379,11430.54,166.63,Asia
7955.0,CN,Zhengzhou,Line 12 Phase 1,2015.0,2020.0,0.0,17.036,100.0,12.0,12600.0,CNY,2019.0,0.2382,3001.43,176.18,Asia
7960.0,CN,Beijing,Line 10 North and East,2003.0,2008.0,0.0,24.64,100.0,22.0,13700.0,CNY,2005.0,0.3517,4818.85,195.57,Asia
7961.0,CN,Changsha,Line 5 Phase 1,2014.0,2018.0,0.0,22.7,100.0,18.0,15663.0,CNY,2012.0,0.2808,4398.48,193.77,Asia
7962.0,CN,Wuhan,Line 7 South,2016.0,2020.0,0.0,14.2,100.0,7.0,9600.0,CNY,2015.0,0.2583,2479.98,174.65,Asia
7963.0,CN,Changchun,Line 7 Phase 1,2020.0,2025.0,0.0,22.5,100.0,19.0,15583.0,CNY,2018.0,0.2379,3706.71,164.74,Asia
7968.0,CN,Shenyang,Line 1 Eastern Extension,2020.0,2025.0,0.0,15.0,100.0,9.0,10350.0,CNY,2019.0,0.2382,2465.46,164.36,Asia
7969.0,CN,Nanjing,Line 11 Phase 1,2017.0,2021.0,0.0,27.0,95.93,20.0,18171.0,CNY,2016.0,0.239,4342.97,160.85,Asia
7970.0,CN,Xiamen,Line 3 Phase 2,2016.0,2020.0,0.0,22.6,74.34,13.0,15154.0,CNY,2016.0,0.239,3621.89,160.26,Asia
7971.0,CN,Hefei,Line 4 Phase 1,2015.0,2020.0,0.0,36.0,100.0,28.0,24289.0,CNY,2014.0,0.266,6461.56,179.49,Asia
7976.0,CN,Guiyang,Line 2 Phase 2,2017.0,2022.0,0.0,12.8,81.25,8.0,8475.0,CNY,2016.0,0.239,2025.57,158.25,Asia
7977.0,CN,Chengdu,Line 10 Phase 3,2019.0,2024.0,0.0,5.5,100.0,4.0,3716.0,CNY,2019.0,0.2382,885.18,160.94,Asia
7978.0,CN,Hefei,Line 1 Phase 1+2,2012.0,2020.0,0.0,24.58,100.0,26.0,16496.0,CNY,2012.0,0.2808,4632.41,188.46,Asia
7979.0,CN,Wuhan,Line 4 Western Extension,2016.0,2018.0,0.0,4.0,85.0,2.0,2634.0,CNY,2015.0,0.2583,680.44,170.11,Asia
7984.0,CN,Tianjin,Z4 Phase 1,2015.0,2020.0,0.0,43.7,34.55,20.0,28699.0,CNY,2015.0,0.2583,7413.85,169.65,Asia
7985.0,CN,Beijing,Daxing Airport Express Phase 1,2016.0,2019.0,0.0,44.0,100.0,3.0,27820.0,CNY,2019.0,0.2382,6626.97,150.61,Asia
7986.0,CN,Beijing,Daxing Airport Express Phase 2,2019.0,2020.0,0.0,3.5,100.0,2.0,4040.0,CNY,2019.0,0.2382,962.36,274.96,Asia
7987.0,CN,Beijing,Line 8 Phase 1 for Olympics,2005.0,2008.0,0.0,4.528,100.0,4.0,2420.0,CNY,2005.0,0.3517,851.21,187.99,Asia
7992.0,CN,Xi'an,Line 1 Phase 3,2015.0,2020.0,0.0,10.5,100.0,7.0,7009.0,CNY,2019.0,0.2382,1669.6,159.01,Asia
7993.0,CN,Changsha,Line 3 Phase 1,2012.0,2016.0,0.0,35.6,100.0,25.0,23628.0,CNY,2012.0,0.2808,6635.21,186.38,Asia
7994.0,CN,Chengdu,Line 27 Phase 1,2019.0,2024.0,0.0,22.2,59.46,20.0,14813.0,CNY,2019.0,0.2382,3528.59,158.95,Asia
7995.0,CN,Suzhou,Line 8,2015.0,2020.0,0.0,35.2,100.0,26.0,23660.0,CNY,2018.0,0.2379,5627.97,159.89,Asia
8000.0,CN,Suzhou,Line S1,2015.0,2023.0,0.0,41.0,100.0,27.0,27370.0,CNY,2018.0,0.2379,6510.47,158.79,Asia
8001.0,CN,Hangzhou,Line 7,2017.0,2021.0,0.0,45.0,100.0,24.0,28997.0,CNY,2016.0,0.239,6930.45,154.01,Asia
8002.0,CN,Taiyuan,Line 1 Phase 1,2014.0,2018.0,0.0,24.1,100.0,21.0,15790.0,CNY,2012.0,0.2808,4434.15,183.99,Asia
8003.0,CN,Changsha,Line 4 Phase 1,2013.0,2017.0,0.0,33.5,100.0,24.0,21938.0,CNY,2012.0,0.2808,6160.63,183.9,Asia
8008.0,CN,Changchun,Line 6,2020.0,2020.0,0.0,29.7,100.0,22.0,19549.0,CNY,2018.0,0.2379,4650.1,156.57,Asia
8009.0,CN,Suzhou,Line 6,2018.0,2023.0,0.0,34.2,100.0,28.0,23740.0,CNY,2018.0,0.2379,5647.0,165.12,Asia
8010.0,CN,Xi'an,Line 15 Phase 1,2020.0,2025.0,0.0,19.0,100.0,11.0,12436.0,CNY,2019.0,0.2382,2962.36,155.91,Asia
8011.0,CN,Guiyang,S2 Phase 1 North,2017.0,2021.0,0.0,32.1,98.44,16.0,20430.0,CNY,2016.0,0.239,4882.89,152.11,Asia
8016.0,CN,Wuhan,Line 6 Phase 2,2015.0,2020.0,0.0,7.0,100.0,5.0,4558.0,CNY,2018.0,0.2379,1084.21,154.89,Asia
8017.0,CN,Zhengzhou,Line 10 Phase 1,2015.0,2020.0,0.0,21.3,100.0,12.0,15495.46,CNY,2019.0,0.2382,3691.15,173.29,Asia
8018.0,CN,Changsha,Line 2 West Extension Phase 2,2017.0,2021.0,0.0,13.99,98.5,11.0,11138.0,CNY,2020.0,0.2382,2653.07,189.64,Asia
8019.0,CN,Kunming,Line 1 Feeder,2013.0,2015.0,0.0,5.2,100.0,4.0,3306.0,CNY,2013.0,0.2729,902.29,173.52,Asia
8024.0,CN,Hangzhou,Line 2 Phase 3,2017.0,2020.0,0.0,1.6,100.0,1.0,988.0,CNY,2016.0,0.239,236.14,147.59,Asia
8025.0,CN,Zhengzhou,Line 8 Phase 1,2020.0,2024.0,0.0,50.63,100.0,27.0,31019.49,CNY,2019.0,0.2382,7389.11,145.94,Asia
8026.0,CN,Chengdu,Line 19 Phase 2,2019.0,2024.0,0.0,45.6,100.0,10.0,28425.0,CNY,2019.0,0.2382,6771.08,148.49,Asia
8027.0,CN,Zhengzhou,Line 3 Phase 2,2015.0,2020.0,0.0,6.305,100.0,4.0,3800.9,CNY,2019.0,0.2382,905.41,143.6,Asia
8032.0,CN,Xi'an,Line 2 Phase 2,2015.0,2020.0,0.0,7.0,100.0,4.0,4289.0,CNY,2019.0,0.2382,1021.68,145.95,Asia
8033.0,CN,Taiyuan,Line 2 Phase 1,2012.0,2016.0,0.0,25.1,100.0,22.0,15139.0,CNY,2012.0,0.2808,4251.33,169.38,Asia
8034.0,CN,Xi'an,Line 14,2015.0,2020.0,0.0,13.8,100.0,8.0,8315.0,CNY,2019.0,0.2382,1980.71,143.53,Asia
8035.0,CN,Shenyang,Line 3 Phase 1,2019.0,2025.0,0.0,38.4,100.0,28.0,23130.0,CNY,2019.0,0.2382,5509.77,143.48,Asia
8040.0,CN,Guangzhou,Line 3 Eastern Extension,2019.0,2022.0,0.0,9.6,100.0,4.0,5698.0,CNY,2017.0,0.2382,1357.26,141.38,Asia
8041.0,CN,Beijing,Daxing Line,2007.0,2010.0,0.0,21.8,80.28,11.0,10930.0,CNY,2007.0,0.3323,3632.44,166.63,Asia
8043.0,CN,Shanghai,Chongming,2015.0,2020.0,0.0,44.6,59.0,8.0,26426.0,CNY,2018.0,0.2379,6285.92,140.94,Asia
8048.0,CN,Xi'an,Line 16 Phase 1,2019.0,2024.0,0.0,15.1,100.0,8.0,8857.0,CNY,2019.0,0.2382,2109.81,139.72,Asia
8049.0,CN,Wuhan,Xingang,2015.0,2020.0,0.0,30.2,84.11,11.0,17681.0,CNY,2018.0,0.2379,4205.76,139.26,Asia
8050.0,CN,Tianjin,Z2 Phase 1,2017.0,2020.0,0.0,52.8,33.9,5.0,29975.0,CNY,2015.0,0.2583,7743.48,146.66,Asia
8051.0,CN,Kunming,Line 3 Phase 2,2016.0,2018.0,0.0,4.0,0.0,3.0,2267.0,CNY,2013.0,0.2729,618.72,154.68,Asia
8056.0,CN,Changchun,Line 2 Eastern Extension,2020.0,2025.0,0.0,9.1,100.0,6.0,5131.0,CNY,2018.0,0.2379,1220.5,134.12,Asia
8057.0,CN,Hangzhou,Line 5 Phase 2,2017.0,2020.0,0.0,3.2,100.0,2.0,1754.0,CNY,2016.0,0.239,419.22,131.01,Asia
8058.0,CN,Guiyang,S1 Phase 1,2016.0,2020.0,0.0,28.5,52.98,12.0,15479.0,CNY,2016.0,0.239,3699.57,129.81,Asia
8059.0,CN,Chongqing,Line 4 Phase 2,2015.0,2020.0,0.0,32.6,63.4,14.0,18068.0,CNY,2018.0,0.2379,4297.81,131.83,Asia
8064.0,CN,Changsha,Line 2 West Extension Phase 1,2012.0,2015.0,0.0,4.5,100.0,4.0,2466.0,CNY,2012.0,0.2808,692.5,153.89,Asia
8065.0,CN,Beijing,Line 5,2002.0,2007.0,0.0,27.6,100.0,23.0,12000.0,CNY,2004.0,0.3545,4253.81,154.12,Asia
8066.0,CN,Chongqing,Ring Line,2012.0,2016.0,0.0,50.47,100.0,33.0,27330.0,CNY,2013.0,0.2729,7459.06,147.79,Asia
8067.0,CN,Changsha,Line 1 North Extension Phase 1,2017.0,2021.0,0.0,9.93,54.38,5.0,5337.0,CNY,2017.0,0.2382,1271.27,128.02,Asia
8072.0,CN,Kunming,Line 5,2015.0,2018.0,0.0,24.0,100.0,20.0,12911.0,CNY,2013.0,0.2729,3523.74,146.82,Asia
8073.0,CN,Xiamen,Line 4,2017.0,2022.0,0.0,69.6,44.83,18.0,36256.0,CNY,2016.0,0.239,8665.39,124.5,Asia
8074.0,CN,Chongqing,Line 6 Branch (EXPO) Phase 2,2016.0,2020.0,0.0,13.99,63.83,7.0,7474.0,CNY,2018.0,0.2379,1777.83,127.08,Asia
8075.0,CN,Wuhan,Line 8 Phase 3,2015.0,2020.0,0.0,4.9,100.0,2.0,2597.0,CNY,2018.0,0.2379,617.75,126.07,Asia
8080.0,CN,Nanjing,Line 3 Phase 3,2015.0,2017.0,0.0,6.6,100.0,2.0,3370.0,CNY,2015.0,0.2583,870.58,131.91,Asia
8081.0,CN,Chongqing,Line 9 Phase 2,2016.0,2020.0,0.0,10.77,100.0,5.0,5613.0,CNY,2013.0,0.2729,1531.93,142.24,Asia
8082.0,CN,Chongqing,Line 9,2015.0,2020.0,0.0,39.0,93.38,26.0,23339.0,CNY,2013.0,0.2729,6369.81,163.33,Asia
8083.0,CN,Wuhan,Line 7 Northern Extension,2015.0,2020.0,0.0,33.6,40.48,10.0,17559.0,CNY,2018.0,0.2379,4176.74,124.31,Asia
8088.0,CN,Wuhan,Line 2 Northern Extension,2015.0,2020.0,0.0,19.8,69.19,7.0,9437.0,CNY,2013.0,0.2729,2575.6,130.08,Asia
8089.0,CN,Xi'an,Line 10 Phase 1,2015.0,2020.0,0.0,34.6,45.0,15.0,17660.0,CNY,2019.0,0.2382,4206.77,121.58,Asia
8090.0,CN,Chongqing,Line 4 Phase 1,2013.0,2018.0,0.0,15.77,70.07,9.0,8805.0,CNY,2013.0,0.2729,2403.11,152.38,Asia
8091.0,CN,Nanchang,Line 1 Eastern Extension,2018.0,2021.0,0.0,4.1,100.0,2.0,2040.0,CNY,2015.0,0.2729,556.77,135.8,Asia
8096.0,CN,Changsha,Line 6 East,2018.0,2022.0,0.0,12.15,100.0,5.0,6140.0,CNY,2017.0,0.2382,1462.55,120.37,Asia
8097.0,CN,Changchun,Line 4 Southern Extension,2020.0,2023.0,0.0,4.0,0.0,6.0,2013.0,CNY,2018.0,0.2379,478.83,119.71,Asia
8098.0,CN,Kunming,Line 4,2016.0,2019.0,0.0,43.5,100.0,26.0,21564.0,CNY,2013.0,0.2729,5885.37,135.3,Asia
8099.0,CN,Wuhan,Line 21,2015.0,2020.0,0.0,33.7,71.81,15.0,16107.0,CNY,2015.0,0.2729,4396.02,130.45,Asia
8104.0,CN,Changsha,Line 4 North Extension,2018.0,2022.0,0.0,14.26,14.45,8.0,6831.0,CNY,2017.0,0.2382,1627.14,114.11,Asia
8105.0,CN,Shanghai,Line 11 (to Disney),2015.0,2016.0,0.0,9.15,15.96,3.0,4371.0,CNY,2012.0,0.2808,1227.46,134.15,Asia
8106.0,CN,Wuhan,Line 16,2015.0,2020.0,0.0,32.3,39.01,12.0,15420.0,CNY,2018.0,0.2379,3667.94,113.56,Asia
8107.0,CN,Nanchang,Line 2 Western Extension,2015.0,2018.0,0.0,8.5,100.0,7.0,3930.0,CNY,2015.0,0.2729,1072.6,126.19,Asia
8112.0,CN,Beijing,Line 15 Phase 1,2009.0,2014.0,0.0,41.4,66.91,18.0,18100.0,CNY,2010.0,0.3004,5437.07,131.33,Asia
8113.0,CN,Shanghai,Line 6,2002.0,2011.0,0.0,33.09,63.61,28.0,12000.0,CNY,2002.0,0.3719,4462.63,134.86,Asia
8114.0,CN,Wuhan,Line 1 Phase 4 (Jinghe),2015.0,2017.0,0.0,3.97,0.0,3.0,1740.0,CNY,2015.0,0.2729,474.89,119.62,Asia
8115.0,CN,Changchun,Line 9 (Konggang),2019.0,2025.0,0.0,28.2,49.29,8.0,12640.0,CNY,2018.0,0.2379,3006.66,106.62,Asia
8120.0,CN,Tianjin,M3 Phase 2,2015.0,2020.0,0.0,3.9,0.0,3.0,1704.0,CNY,2015.0,0.2729,465.07,119.25,Asia
8121.0,CN,Chongqing,Line 6 Branch (EXPO) Phase 1,2015.0,2013.0,0.0,12.2,100.0,6.0,5292.0,CNY,2013.0,0.2729,1444.32,118.39,Asia
8123.0,CN,Chongqing,Line 5 Phase 1 North,2013.0,2018.0,0.0,16.42,100.0,10.0,9700.0,CNY,2013.0,0.2729,2647.38,161.23,Asia
8128.0,CN,Kunming,Line 6,2013.0,2015.0,0.0,25.4,100.0,6.0,10151.0,CNY,2013.0,0.2729,2770.47,109.07,Asia
8129.0,CN,Beijing,Line 13B,2019.0,2022.0,0.0,32.2,31.99,15.0,12640.0,CNY,2019.0,0.2382,3010.96,93.51,Asia
8130.0,CN,Changsha,Line 5 North Extension,2019.0,2022.0,0.0,3.65,48.49,2.0,1409.0,CNY,2017.0,0.2382,335.62,91.95,Asia
8131.0,CN,Beijing,Line 8 Northern Extension,2011.0,2013.0,0.0,6.328,73.45,3.0,3212.2,CNY,2011.0,0.2838,911.52,144.05,Asia
8136.0,CN,Shanghai,Line 8 Phase 3 (Pujiang Line),2016.0,2018.0,0.0,6.689,0.0,6.0,3177.0,CNY,2015.0,0.2729,867.09,129.63,Asia
8137.0,CN,Kunming,Line 1 Southern Extension,2013.0,2015.0,0.0,7.3,100.0,3.0,2395.0,CNY,2013.0,0.2729,653.66,89.54,Asia
8138.0,CN,Changchun,Line 3 Southern Extension,2015.0,2020.0,0.0,3.0,26.67,2.0,839.0,CNY,2018.0,0.2379,199.57,66.52,Asia
8139.0,CN,Beijing,Capital Airport Express,2005.0,2008.0,0.0,28.1,0.0,4.0,622.3,CNY,2005.0,0.3517,218.89,7.79,Asia
8146.0,CN,Wenzhou,S1 Phase 1,2013.0,2019.0,0.0,53.5,18.69,21.0,18606.83,CNY,2014.0,0.266,4949.94,92.52,Asia
8154.0,CN,Lanzhou,Line 2 Phase 1,2015.0,2020.0,0.0,9.4,100.0,8.0,5762.0,CNY,2012.0,0.2808,1618.08,172.14,Asia
8155.0,CN,Lanzhou,Line 1 Phase 1,2011.0,2016.0,0.0,26.6,100.0,20.0,17160.0,CNY,2012.0,0.2808,4818.87,181.16,Asia
8160.0,CN,Dongguan,Line 1 Phase 1,2019.0,2024.0,0.0,57.5,86.0,24.0,36822.0,CNY,2019.0,0.2382,8771.32,152.54,Asia
8161.0,CN,Dongguan,Line 1 Phase 2,2023.0,2028.0,0.0,10.9,34.86,4.0,6055.0,CNY,2019.0,0.2382,1442.35,132.33,Asia
8162.0,CN,Dongguan,Line 1 Phase 3,2020.0,2025.0,0.0,3.54,100.0,1.0,1728.0,CNY,2019.0,0.2382,411.62,116.28,Asia
8163.0,CN,Dongguan,Line 1 Feeder Phase 1,2022.0,2027.0,0.0,25.56,100.0,10.0,17499.0,CNY,2019.0,0.2382,4168.41,163.08,Asia
8168.0,CN,Dongguan,Line 2 Phase 3,2021.0,2026.0,0.0,17.5,97.54,8.0,11532.0,CNY,2019.0,0.2382,2747.02,156.97,Asia
8169.0,CN,Dongguan,Line 3 Phase 1,2023.0,2028.0,0.0,50.14,100.0,18.0,32178.0,CNY,2019.0,0.2382,7665.08,152.87,Asia
8170.0,CN,Dongguan,Line 3 feeder,2024.0,2028.0,0.0,1.8,100.0,1.0,1297.0,CNY,2019.0,0.2382,308.96,171.64,Asia
8171.0,SA,Riyadh,Blue,2015.0,2016.0,0.0,38.0,42.63,22.0,6561.0,USD,2013.0,1.82,11941.02,314.2373684,Asia
8176.0,SA,Riyadh,Red,2014.0,2020.0,0.0,25.3,0.0,13.0,2880.0,USD,2013.0,1.82,5241.6,207.1778656,Asia
8177.0,SA,Riyadh,Orange,2014.0,2017.0,0.0,40.7,14.0,20.0,5002.0,USD,2013.0,1.82,9103.64,223.6766585,Asia
8178.0,SA,Riyadh,Yellow,2014.0,2020.0,0.0,29.6,0.0,8.0,2270.0,USD,2013.0,1.82,4131.4,139.5743243,Asia
8179.0,SA,Riyadh,Green,2015.0,2016.0,0.0,12.9,93.02,11.0,2220.0,USD,2013.0,1.82,4040.4,313.2093023,Asia
8184.0,SA,Riyadh,Purple,2014.0,2019.0,0.0,29.9,0.0,6.0,3330.0,USD,2013.0,1.82,6060.6,202.6956522,Asia
8186.0,SA,Jeddah,Jeddah Metro,2014.0,2025.0,0.0,161.1,12.41,81.0,12000.0,USD,2015.0,1.435,17220.0,106.8901304,Asia
8187.0,SA,Mecca,Mecca Metro,2009.0,2020.0,,188.0,100.0,90.0,62000.0,SAR,2010.0,0.6161429452,38200.8626,203.1960777,Asia
8194.0,BH,Bahrain,Phase 1 (Red & Blue),2018.0,2023.0,1.0,28.6,0.0,20.0,453.0,BD,2019.0,5.0,2265.0,79.1958042,Asia
8200.0,AE,Dubai,Phase 1 - Red Line,2005.0,2010.0,0.0,35.0,13.43,29.0,4200.0,USD,2005.0,1.8,7560.0,216.0,Asia
8201.0,AE,Dubai,Phase 2 - Green Line,2006.0,2010.0,0.0,22.5,35.11,20.0,3600.0,USD,2006.0,1.9,6840.0,304.0,Asia
8202.0,AE,Dubai,Phase 3 (Red Line Extension/Route 2020),2016.0,2020.0,0.0,15.0,21.33,7.0,2900.0,USD,2016.0,1.9,5510.0,367.3333333,Asia
8203.0,EG,Cairo,Line 1,1982.0,1987.0,1.0,44.0,14.32,35.0,973.0,EGP,1987.0,2.5,2432.5,55.28409091,Africa
8208.0,EG,Cairo,Line 2,1993.0,2005.0,0.0,22.0,43.18,20.0,9700.0,EGP,2005.0,1.0,9700.0,440.9090909,Africa
8210.0,EG,Cairo,Line 3 Phase 1,2006.0,2012.0,0.0,4.3,100.0,5.0,4200.0,EGP,2009.0,0.7142857143,3000.0,697.6744186,Africa
8218.0,EG,Cairo,Line 4 (4 Phases),2019.0,2020.0,0.0,19.0,100.0,17.0,3600.0,USD,2019.0,3.6,12960.0,682.1052632,Africa
8224.0,EG,Cairo,Line 6,2017.0,2020.0,0.0,21.0,65.24,24.0,4000.0,USD,2017.0,3.1,12400.0,590.4761905,Africa
8225.0,KW,Kuwait City,Kuwait Metro,2020.0,2025.0,0.0,160.0,35.0,68.0,20000.0,USD,2020.0,1.52,30400.0,190.0,Asia
9459.0,UZ,Tashkent,Sergeli Line,2017.0,2020.0,0.0,7.1,0.0,6.0,142.0,USD,2018.0,5.0,711.0,100.1408451,Asia
9460.0,UZ,Tashkent,Yunusabad Line extension,2017.0,2020.0,0.0,2.9,100.0,2.0,125.0,USD,2018.0,5.0,624.0,215.1724138,Asia
9461.0,CN,Shanghai,Line 15,2015.0,2020.0,0.0,42.3,100.0,30.0,47650.0,CNY,2014.0,0.266,12676.24,299.67,Asia
9462.0,CN,Shanghai,Line 14,2016.0,2020.0,0.0,38.514,100.0,31.0,57686.0,CNY,2013.0,0.2729,15744.0,408.79,Asia
9486.0,CN,Guangzhou,Line 13 Phase 1,2013.0,2017.0,0.0,27.03,100.0,11.0,19038.0,CNY,2013.0,0.2729,5195.96,192.23,Asia
9491.0,CN,Guiyang,Line 1 Phase 1,2013.0,2017.0,0.0,34.3,84.55,25.0,19370.0,CNY,2010.0,0.3004,5818.75,169.64,Asia
9492.0,CN,Wuhan,Line 4 Phase 1,2009.0,2020.0,0.0,15.4,100.0,15.0,9400.0,CNY,2009.0,0.3174,2983.18,193.71,Asia
9493.0,CN,Chengdu,Line 8 Phase 1,2016.0,2020.0,0.0,27.4,100.0,22.0,21863.0,CNY,2016.0,0.239,5225.38,190.71,Asia
9494.0,CN,Chengdu,Line 9 Phase 1,2016.0,2020.0,0.0,22.2,100.0,13.0,20253.0,CNY,2017.0,0.2382,4824.29,217.31,Asia
9499.0,CN,Chengdu,Line 10 Phase 2,2016.0,2029.0,0.0,26.7,38.95,9.0,13156.0,CNY,2016.0,0.239,3144.36,117.77,Asia
9500.0,TR,Istanbul,M3 Phase 2,2015.0,2023.0,0.0,8.4,100.0,7.0,333.0,USD,2019.0,3.1,1032.3,122.89,Asia
9501.0,TR,Istanbul,M4 Phase 3,2015.0,2020.0,0.0,7.5,100.0,4.0,170.0,EUR,2018.0,3.5,595.0,79.33,Asia
9502.0,TR,Istanbul,M8,2016.0,2021.0,0.0,14.3,100.0,11.0,635.0,USD,2019.0,3.1,1968.5,137.66,Asia
9507.0,TR,Istanbul,M5 Phase 2-M13,2016.0,2022.0,0.0,17.8,100.0,14.0,657.0,USD,2019.0,3.1,2036.7,114.42,Asia
9508.0,TR,Istanbul,M12,2017.0,2022.0,0.0,13.0,100.0,9.0,922.0,USD,2020.0,3.7,3411.4,262.42,Asia
9509.0,TR,Istanbul,M11 Phase 1,2016.0,2021.0,0.0,37.5,100.0,9.0,1130.0,USD,2019.0,3.1,3503.0,93.41,Asia
9510.0,TR,Istanbul,M11 Phase 2,2019.0,2022.0,0.0,32.0,100.0,7.0,916.0,USD,2020.0,3.7,3389.2,105.91,Asia
9459.0,UZ,Tashkent,Sergeli Line,2017.0,2020.0,0.0,7.1,0.0,6.0,142.0,USD,2018.0,5.0,711.0,100.1408451,Asia
9460.0,UZ,Tashkent,Yunusabad Line extension,2017.0,2020.0,0.0,2.9,100.0,2.0,125.0,USD,2018.0,5.0,624.0,215.1724138,Asia
